order_id,rating,comment
ORD12386,4,Recent really than mean loss hundred.
ORD12968,1,Sometimes point summer such PM number catch brother.
ORD10924,1,Around possible night share share nation husband rich ahead.
ORD12198,2,Day stuff several I clear us put they.
ORD11432,1,Court special ok short meeting past pull note movie.
ORD11533,3,Make no industry follow third daughter.
ORD11546,5,Less leader trial accept institution store particularly.
ORD12390,5,If factor air responsibility option reach.
ORD11146,2,Win beautiful side whatever few writer own.
ORD12609,3,Both grow not without.
ORD10659,5,Agree herself conference pay standard keep ability election parent.
ORD11933,5,When even no mention simply probably.
ORD12254,4,Speech recently situation really state away right.
ORD10198,3,Increase maybe until hit heavy.
ORD11012,3,Professional question gas population oil sense total.
ORD12040,3,Bill practice education sign TV.
ORD12169,4,Top pressure behavior ability vote simple.
ORD10124,5,Live view with include fear.
ORD12149,4,They data message much military together which assume city.
ORD12585,3,More over increase community thank fast.
ORD10466,1,Successful for water produce affect challenge medical.
ORD10900,3,Whole week contain positive place become industry able view rate.
ORD10665,3,This his body son image car newspaper most subject drive.
ORD10971,3,Lead player source yes instead pull.
ORD12314,3,Exactly despite sort high prepare politics free.
ORD11423,4,Quite themselves tonight ball action second specific us central class.
ORD12823,1,Democrat others one voice choose development hair across.
ORD10317,2,Travel now if staff region economic heavy set a truth.
ORD12336,1,Drug five such through final goal develop.
ORD12590,4,Eight senior record spring smile single everything administration during.
ORD10180,4,Still evening theory member chair good response later.
ORD12986,5,Eat hard voice hundred charge culture camera into high.
ORD11020,2,Page person more exist available health financial staff whose.
ORD10070,1,Care anything either painting hit close.
ORD11635,2,Nor can himself huge whom we notice impact.
ORD11719,1,Throughout help world training way price.
ORD11881,1,Onto say social safe easy fly.
ORD11167,5,Same tend hundred method report late cost trouble its feeling.
ORD12042,4,Effort common model term edge part east.
ORD12216,4,Customer month couple share be yard I ahead.
ORD10522,5,Face anyone without recognize upon.
ORD11836,3,Style right want what figure present.
ORD11681,4,Table that room nor design brother daughter.
ORD11376,3,Many charge player myself car option music popular strategy himself.
ORD12715,3,Score project recently father activity perform.
ORD10280,1,Area consumer front discussion now machine.
ORD10210,1,Into wall bill wall next per by visit vote.
ORD12474,1,Tv without almost write have move these be probably early.
ORD11146,3,Large impact beyond moment.
ORD12600,4,Four lose serious prepare run white face suggest finally somebody.
ORD11015,3,Make building clear different authority create produce.
ORD12583,5,Sure best appear majority cultural college many wife.
ORD11479,4,Difficult beat offer professional whole.
ORD11553,2,Reason street season on reveal opportunity.
ORD10998,5,Machine decide American fear contain family you every large nearly.
ORD10254,3,Sister management agent seek.
ORD10137,3,Indeed campaign different worry type those reality like focus since.
ORD10065,1,Author likely alone try newspaper sit ground low draw price.
ORD10226,5,Or bad goal cover eight painting available some meeting general.
ORD10932,5,Score rock space fly strong end responsibility people protect eat.
ORD11644,3,Two another man list anything.
ORD10013,4,Onto throughout song response.
ORD12769,3,Throughout bring everybody adult seven page small national.
ORD11078,4,Bank much race open hour civil.
ORD11125,1,Draw he star never range.
ORD11200,5,Pick really again know music charge focus.
ORD10668,4,Recently bed top executive join outside term reveal garden individual.
ORD10082,3,Area couple world feel sure me.
ORD12826,1,Tonight seven subject maintain measure who next yeah amount.
ORD12533,1,American quickly brother record begin stuff.
ORD11272,1,Though example develop begin race treat specific her benefit Mr network.
ORD11892,3,Another clear human cost budget order idea far lawyer raise.
ORD10897,3,Chair finish over like according local.
ORD12141,5,Guy everything lose recently so tell quickly.
ORD12815,1,Truth time bag seek eye second.
ORD10976,5,Occur role office instead society sound young car imagine easy reflect.
ORD12192,5,Heavy able discussion add see available movement administration hear spend.
ORD11146,3,Accept trade might any up appear door how draw.
ORD12397,1,He can most political.
ORD10042,1,Entire account nation building teacher only or write around.
ORD12704,1,Police century career part fund read should.
ORD11675,3,Serious nothing receive happen tax off station wide among.
ORD10996,4,Respond involve card whom give spring manage far focus specific word.
ORD10990,3,Weight analysis experience news painting really understand different bed newspaper.
ORD12671,4,Night responsibility organization girl go deep though suddenly seven huge image.
ORD12754,4,Others rate change management manager fire.
ORD12108,1,Here doctor speech bill information cause my air.
ORD12353,1,Fast tell child instead.
ORD11602,2,Administration culture son as mean agree hear current.
ORD10307,2,Attack discover rise week.
ORD11983,5,Market behind institution get key artist can eight avoid.
ORD12921,4,Opportunity film note argue heart enough seat.
ORD10972,1,Best speech reason would level approach.
ORD11768,3,But value bag poor modern offer huge who view.
ORD12121,4,Oil involve home but dog thing require manager.
ORD11605,4,Provide least natural according rather any control drug second long listen.
ORD11194,3,My each accept politics nor.
ORD10026,3,Agent growth major describe sure century.
ORD10265,5,Recognize defense radio decision your if else control night card.
ORD10305,3,Several spring various time least pay order.
ORD11607,5,Election keep truth perform remember difference.
ORD12644,2,Test prepare another draw consumer offer edge yard assume pattern.
ORD10335,3,Seven compare everything catch which manager audience.
ORD12447,5,Moment threat across pull former fly base successful real camera.
ORD11324,2,Arm unit food nothing participant attorney necessary determine.
ORD11887,1,About strategy small world degree.
ORD10087,2,Contain serve year right character campaign.
ORD12239,2,Level despite voice increase rise record almost huge up.
ORD11681,3,Agreement sort about next appear her alone pass college.
ORD10142,5,Someone career explain road also list remain road car.
ORD11600,2,Establish push than list serve media into inside he.
ORD10620,4,Success involve civil successful.
ORD10062,3,Religious course meet word plant soldier want.
ORD11313,1,Watch rock executive language fire magazine only.
ORD10713,3,Mission design onto show quickly.
ORD10519,5,Stuff remain success our back out relationship interview operation per.
ORD10151,3,Sport add example reduce product central indicate their.
ORD12745,1,Describe capital develop opportunity throw big beyond.
ORD11714,3,One various move prepare produce travel forget explain usually direction.
ORD11770,3,About available rate join.
ORD11468,3,Case cover option most trip voice.
ORD12828,2,Common threat PM game resource second receive.
ORD12153,2,Suggest similar money training can.
ORD10819,3,Moment national low form national summer attack mission his.
ORD11897,5,Would customer rich offer have.
ORD11687,5,Level woman outside win why hot send.
ORD10477,4,Middle rather perhaps note someone cover question drop.
ORD12094,4,Task teach know cut.
ORD12359,4,Anything myself off cell base husband.
ORD10568,3,Between follow too run.
ORD11353,4,Image everyone material unit water follow seem grow management.
ORD12466,4,Yard common like ever according.
ORD11438,1,Model front skin increase most car raise group.
ORD10873,2,Him effort blood compare either few attention mention particularly.
ORD10443,2,Above soon street cut image move international.
ORD12749,1,Simply student star test room laugh when impact animal performance.
ORD12369,1,Child defense poor article and really rule.
ORD12031,4,Particularly movement air participant their section defense property activity show.
ORD10804,4,Statement little machine suddenly start.
ORD10272,5,There career evening wrong new body guy participant money federal.
ORD12105,4,Less government show seem man.
ORD12545,4,Wind add focus policy well of quality thousand once physical.
ORD11187,4,And price it collection pay establish practice speak and do.
ORD10546,4,Government most window cause minute.
ORD11972,4,Success adult course fine American benefit season professor likely mouth least.
ORD11254,5,Half we prevent at tonight scene year rather return cut may.
ORD11094,5,Stuff floor political them recent south.
ORD10239,5,Black inside each short collection through all.
ORD11777,3,Reveal heavy performance evidence learn stuff fall might.
ORD11309,4,Support kitchen record himself consider.
ORD11895,2,Degree whom trip beat begin speech type sometimes bed must.
ORD12228,5,Far chair high gun future fine.
ORD11477,5,Nature structure value until dog least certain president budget person watch.
ORD11407,1,Wonder this direction quickly of.
ORD12322,4,Remain someone without first evening.
ORD12245,4,Physical large provide need special worker ok reflect audience social.
ORD11625,5,Market finish order back stand ten must rate successful.
ORD12075,4,Leg at on fly owner newspaper.
ORD11074,3,Hard would several phone cold step decision.
ORD10989,1,Nearly kitchen day age choose admit look.
ORD10236,3,Character order race Congress very.
ORD10116,4,Agreement sure scene natural southern between up positive music poor.
ORD12091,5,Member card space power major.
ORD12781,4,Hold set whole already brother lawyer car loss.
ORD10380,1,Operation century network throw difference town.
ORD12390,3,Production support product parent law animal research analysis make least.
ORD10487,4,Including million role different window full real actually main door big.
ORD12871,4,Style probably they beyond forget place.
ORD10378,3,Key toward group popular modern pay push school.
ORD12906,3,Event state enjoy find word Mr bit baby ask thousand.
ORD12198,4,Prepare reduce sell view within.
ORD10695,2,Surface cup movie know food seek standard simply.
ORD10748,1,Avoid also police there late land apply think discussion wind.
ORD10124,1,Environment international factor include list special agent seven discussion sign rise.
ORD11834,3,West sport at design care floor despite material product.
ORD10226,3,Great war hand relationship civil travel.
ORD10822,3,Production do meeting which similar decade.
ORD12328,5,Carry stop former happy relate.
ORD11090,5,Politics you dinner company bed take say.
ORD10962,3,Nearly phone effect easy item.
ORD10946,3,Agency level debate factor his likely effort computer.
ORD10649,3,Generation place ground exist bank phone.
ORD10075,2,Scientist type particular interesting kind from way.
ORD10555,3,Baby professor identify necessary population wall.
ORD11534,5,Direction shake study property hit.
ORD11491,3,Relate effort none really specific.
ORD12275,3,Ago you option rest by if professor.
ORD11622,4,Wife side agreement charge which play wide.
ORD10270,4,Offer position his standard bring.
ORD11407,2,Indeed laugh but second wrong including.
ORD10042,3,Ability young second trip everyone.
ORD12497,1,Care support campaign quite without.
ORD10156,3,Party name authority write rise will network.
ORD12410,5,Major pay administration listen laugh authority change fight sport.
ORD10857,2,Ever agree clearly early teach artist.
ORD12825,4,Surface traditional its film than heavy apply.
ORD11754,4,Himself majority campaign design nothing site ground toward high partner.
ORD11004,2,Green serious police magazine just surface enjoy begin.
ORD11816,2,And describe teach society sport follow win sea free as.
ORD12429,4,Story site even eye raise themselves.
ORD10510,3,Loss Congress treat director a light drop do.
ORD12140,5,Understand every rule receive health lot oil.
ORD11337,4,Chance behavior end sit leader military.
ORD11328,5,Station degree care read face on experience kid practice interesting.
ORD12468,3,Create recognize source maybe art rich movie whole beat deal.
ORD11902,4,Foot voice economic item movement.
ORD10015,1,Piece war address sometimes back lay.
ORD11415,4,Past if modern institution can.
ORD11864,5,Stuff image nature study central into official cup under.
ORD10336,1,Head enjoy religious cultural identify.
ORD11112,2,Continue approach where it friend.
ORD10715,4,Travel affect for store collection scientist benefit small.
ORD11467,3,Identify lose billion away floor.
ORD10803,5,Not affect work I throughout day science cell career carry.
ORD10157,5,All floor than onto contain.
ORD11494,2,Another help pretty believe professional pass.
ORD11090,3,Sure box debate move decide.
ORD12135,1,Big direction company consider her win someone citizen run effect.
ORD10885,5,Quickly four describe control hundred significant fear kind.
ORD10890,1,Community on involve cover.
ORD10594,3,Seat role on ground join law.
ORD10084,4,Person term drug product nearly person concern line discussion.
ORD11061,4,Strong begin read young word identify sport none.
ORD11573,5,Environment shake hope citizen skin.
ORD11679,2,Art trouble indicate black list yeah despite identify ok he.
ORD11452,4,There since we under hour rest project.
ORD12130,4,Decade oil ready unit camera plant she necessary.
ORD12759,5,Security child dark treat sense hold type character.
ORD12886,5,Full bank political tell recently.
ORD11603,4,Week seat natural different even vote expert nature matter.
ORD11730,4,East officer include big room chair not opportunity door.
ORD11876,3,Sell serve skin baby benefit team purpose matter big to.
ORD12663,4,Pretty reason because each market decade capital arrive reality simple.
ORD10696,3,Wall event party sport.
ORD11711,2,Tough affect to hit every debate capital business experience six.
ORD11538,1,Should situation kind contain politics stuff security yard plan home.
ORD12599,4,General if true course board catch us.
ORD12229,1,Piece feel Democrat star energy suffer bag property consider including.
ORD12427,4,Responsibility note because improve writer agent radio nearly.
ORD10574,4,Forget outside allow what blue glass.
ORD10891,1,Agree husband responsibility nothing evening one seven ball difficult evening.
ORD10061,5,Democratic truth information lot son whatever event.
ORD11070,2,Example stay nation reality become.
ORD10883,1,Western ten management describe available.
ORD12954,1,Training before hundred wish official report production.
ORD11028,5,Sign answer find together claim.
ORD10906,2,Character no think table understand.
ORD11549,3,Trouble yourself security authority per always factor business.
ORD12245,1,Election time various few end choose.
ORD10244,2,Decide culture international receive not.
ORD10061,3,Magazine voice option day myself.
ORD12984,2,Bag skin between reduce beat.
ORD10594,5,Break theory site best radio unit stage you field.
ORD11636,2,Protect above wife minute sort because begin car move.
ORD10855,5,Federal carry machine recent significant parent wide live member make far.
ORD10391,1,Could author never who also PM feeling wife price.
ORD10566,1,Business officer experience economic charge give theory away.
ORD11863,4,Bar friend former in professional whole control.
ORD12287,5,Image education general cold follow.
ORD11464,3,Science throw ability plan executive result assume remain on.
ORD12524,5,Relate every moment travel international page media word our wonder.
ORD11882,1,Hard opportunity pick room item.
ORD11680,2,Voice true decade hair measure though system contain.
ORD11060,3,Lay hope card president if.
ORD12928,3,Else them live professional bar.
ORD10668,2,Born development would her possible which technology.
ORD10959,1,American red knowledge space theory about point.
ORD10795,2,Important outside public write sound beyond career cell.
ORD12301,4,Imagine court result business thank process cause central challenge.
ORD11206,1,New exist movie likely term moment.
ORD11039,4,Yourself opportunity father ability begin risk never laugh.
ORD11690,5,Direction three big break east.
ORD11167,1,Step watch fire five sister.
ORD10302,2,Until clearly poor option type account upon eye policy.
ORD12695,2,What news American service model ahead unit admit.
ORD12725,5,Agency feel performance travel Republican.
ORD11122,3,Drug baby four service skill member trade upon.
ORD12642,4,Explain new son explain this can already.
ORD10594,4,Political purpose unit development history.
ORD11495,5,Marriage tree politics whose purpose dinner next significant.
ORD10613,2,Best station per toward know use.
ORD11437,5,State I office five forward follow general.
ORD10126,2,Six or fill should name everything office say street.
ORD12736,2,Who note any fear throw mind song investment help road.
ORD10514,4,Former least do series he throw bar five.
ORD11690,3,Increase unit industry nice federal together around group play.
ORD11688,5,Exactly look huge party policy support fast feeling similar material.
ORD11540,3,Follow theory across example contain season.
ORD11036,2,Company feeling above all bag remember film.
ORD12365,4,Garden walk huge blue movement firm example what.
ORD10243,3,His street none her class.
ORD12898,5,Hard article you defense price per.
ORD12216,3,Put fact consider develop bar policy TV cause.
ORD12664,2,Difficult evidence treatment cause itself contain think pay.
ORD12076,2,Kind between far church catch.
ORD10461,4,Ago beautiful less until computer budget.
ORD10145,1,Opportunity tonight him decide teach strong how.
ORD10575,5,Standard seem will building discover church.
ORD11554,1,Few sister start account character.
ORD11139,2,Believe one blood dream during health difficult page be.
ORD10011,1,Able position contain ok game.
ORD12192,3,Heavy contain future resource quality.
ORD10780,2,Ask science government outside able last young speech central.
ORD12688,4,Experience sister risk within.
ORD12607,5,Sea bar his physical let site.
ORD11368,3,Expect heavy kid explain each.
ORD11814,3,Site brother fast series.
ORD10686,5,Question record bit bag later material.
ORD12290,4,Represent future general probably possible service at ago offer.
ORD12095,4,Beautiful record fly natural image avoid return art car attorney.
ORD12793,4,Hospital personal quite kid hit.
ORD11846,4,Plan daughter early character range but green choice than.
ORD12539,2,Stand might expect mention increase treatment base experience.
ORD11598,5,Paper court always voice each store.
ORD10326,3,Now Mrs traditional chance during recently debate.
ORD11507,1,Join outside phone surface here decade wife.
ORD10920,5,Require billion probably cut raise include now think future decision.
ORD10489,4,Cause behind single project air hold good red hotel contain.
ORD12626,5,Tend theory the hard south maintain year firm generation.
ORD10140,4,Major strong pull finish seem party within.
ORD10115,4,More memory open civil everything soon explain.
ORD10732,4,Store against image catch accept including can nothing.
ORD10682,1,Him up teach central public term she seek.
ORD12042,3,Represent conference war science reduce pass once democratic range.
ORD12566,4,Term authority offer feeling than prevent too.
ORD10127,2,Challenge cultural throw left worker ready.
ORD11020,4,Expert general manage note.
ORD12837,4,Health tell fact pretty learn data.
ORD11694,2,Morning behavior laugh quite water world century drug know room choose.
ORD12685,1,Unit recognize especially ask two.
ORD11665,4,Hundred role activity culture picture provide support six space.
ORD11627,1,Customer both write third stay agree we any thousand.
ORD12925,5,Factor truth call stage significant thank data year defense support.
ORD10114,2,Herself water meeting voice reality painting material science beat deal.
ORD10477,3,System policy education true.
ORD11528,3,Theory outside agency world true evidence resource appear term.
ORD11250,1,End hard test traditional us hear.
ORD12074,1,Back together factor body.
ORD11181,1,Skin most real remain art there describe model.
ORD12769,5,Officer serious same experience point article article drop give his.
ORD11610,2,Future reach street course plant billion middle describe financial floor.
ORD10207,2,Anyone among police billion idea use high language main.
ORD11129,1,Nature already while part choice leg treatment bill today.
ORD11396,4,Really position daughter reduce job blood middle home wonder military.
ORD12784,4,Both notice like story just often require dark current.
ORD10096,1,Assume thank rest ten four without debate couple.
ORD11988,5,Poor attack girl force relationship nation east weight.
ORD12549,2,Official order seven clear city hundred center.
ORD11989,3,Town red friend analysis race much environment interesting nature.
ORD10638,1,Than above themselves dark charge middle daughter too left look.
ORD12531,2,Involve nice positive effort attorney he school article.
ORD10657,2,Call military want interview why above name stand.
ORD10646,1,Movement nor line though.
ORD10271,1,Police she difference ten.
ORD11798,3,Wear soldier light turn wear break.
ORD10580,3,Fall five really lose mean hope ability owner across.
ORD12041,4,Chair answer center tax cell.
ORD10773,2,Push major thousand who give probably support.
ORD12030,2,World behind people up Republican interview build often piece.
ORD10882,1,Heavy report its sign I.
ORD10359,1,Image American participant race model doctor explain entire admit.
ORD11073,1,Charge view style war worry here Republican cultural.
ORD10872,4,Person whatever consumer study often set during perhaps actually.
ORD10530,5,Gun expect public instead.
ORD11379,1,Free small only bar war.
ORD10355,3,Seat benefit attorney remember travel.
ORD11386,1,Across mean care give occur decade energy light from.
ORD11748,2,Tell truth data five medical research group thus outside.
ORD10528,2,Exist idea now stand his.
ORD12302,4,Under world hold exist story speech age debate wall.
ORD11296,4,Realize stage imagine half single center hotel four teach.
ORD11296,2,Top write marriage campaign able specific ready same price again.
ORD10500,4,Professional beat project help admit beat agency she.
ORD10518,1,Decade century theory husband prepare role these.
ORD12128,1,Write floor inside pretty describe our.
ORD11153,3,Speech become around reveal operation money.
ORD11884,2,Open at kitchen box about wait table mother and money.
ORD10674,2,From weight ask myself wall series person.
ORD12475,5,Perform discover type relationship plan.
ORD10682,2,Interesting drug individual color trouble agent small bank world.
ORD12733,3,Mind give worker set field learn recently eight leader.
ORD11625,1,The treat detail year.
ORD11475,1,Already give nature deep sister.
ORD12499,5,Across party market dark language mean without.
ORD10441,3,Newspaper would section cause instead.
ORD11900,5,Listen impact tell positive serious billion speech.
ORD11026,4,Look term meeting long thank by most special describe.
ORD10515,2,It moment professor group because pressure these.
ORD11030,3,Least husband option contain it kitchen.
ORD11312,3,Action recognize crime poor beat house stage college nearly political.
ORD11295,3,Whose a fact on space not blood food performance lose.
ORD11755,1,Its window structure herself agent stuff.
ORD12827,4,Hard score agency ahead authority report various by kid throughout.
ORD12128,1,Form necessary country attorney statement opportunity we good.
ORD12214,1,Go behavior mouth bag box with moment always.
ORD12532,3,Similar above owner energy organization police mission language.
ORD11058,1,Glass leg anyone do admit center cultural but room.
ORD10589,3,Future actually popular hot personal management.
ORD12716,1,Occur why husband poor general yet.
ORD11449,1,Dinner country painting start plant administration.
ORD11353,3,Though add weight police after carry.
ORD10394,4,Size toward prepare interest employee source later.
ORD10267,2,Light society play yes recently force this.
ORD12348,4,Southern several figure watch which.
ORD12841,2,Top question traditional eight result myself manage decade.
ORD10433,3,Education head effort right exactly pretty to.
ORD10008,4,Production industry until method program their media skill no task.
ORD12644,4,Pressure war picture take story democratic without stop.
ORD12552,1,Finish child team specific list modern above meet participant during.
ORD12615,3,Sign particular despite stop edge during wish issue.
ORD11046,3,Real term all agency right figure son guess result other.
ORD10831,2,Especially less run account leader exactly truth serve serve note.
ORD11665,4,Land trip majority center will fire play two project.
ORD10060,1,Drop understand as case.
ORD12417,2,Year body although car recent above yeah age continue none.
ORD12194,3,Decide dinner ask training others sign rather.
ORD12073,3,Station seek per strategy former bad return.
ORD12770,4,Born dream good ahead year.
ORD11704,3,Husband continue leave enough necessary subject.
ORD12978,5,Town south gas reality model many more network.
ORD11386,1,Give garden bag place issue American page training.
ORD11725,4,Once food bad program type.
ORD12662,3,Stock fine range read recognize under individual listen.
ORD12284,5,Suddenly indeed customer kind history young cell beautiful fish little.
ORD12733,4,Rest several section set either big send agreement election.
ORD11860,1,Memory situation kind civil operation usually.
ORD12865,3,Number base strategy drive so dog peace from available.
ORD12029,5,Wait financial allow form past opportunity central start trial.
ORD11633,4,Key quality beyond community set exactly director simple turn.
ORD10665,3,Whatever final general very price practice arm hard staff husband.
ORD11337,1,Animal quickly need size down east car gun.
ORD11311,5,Kid level paper ask responsibility fall agency expect.
ORD12814,3,Create be surface data federal job past.
ORD11849,4,Trip be although president church wonder low.
ORD10495,5,Question blue administration chair once we.
ORD10137,4,Painting hope site fund ask later tax meeting success.
ORD11366,5,Rate bar approach me direction peace.
ORD11692,3,Better near however tonight skin kind.
ORD10529,3,Itself machine significant grow north radio maintain kind factor.
ORD11371,3,Scientist subject ball tell argue ever anything speak concern capital.
ORD11224,3,Score minute night never alone defense vote point.
ORD12271,2,Color first hundred seven another.
ORD10921,3,Evening painting responsibility day impact.
ORD11709,4,Quickly father attention represent certainly small must benefit away.
ORD12581,1,Store professor land author the finish during.
ORD10891,5,Heart beyond financial chance better movement natural.
ORD12624,3,Someone community side science rate baby sell hit.
ORD12492,1,Rich PM develop subject down north.
ORD10865,1,Possible reduce wrong scene outside.
ORD10025,4,See or fill magazine lot animal age can either.
ORD10930,5,Sister whom tree lead its.
ORD11477,4,Night the agree pressure mouth parent bit.
ORD10897,4,Learn more ball body sit send.
ORD11194,3,Enter politics gun various inside line pattern general hope boy control.
ORD12607,4,Material door land range break sense may indeed center.
ORD12306,3,Drive great blood score share high simply name vote.
ORD12251,3,Guy debate better name system local expert yeah.
ORD12133,4,Role design pretty response western project.
ORD12562,5,Few skin though compare interest.
ORD11380,5,A week book south indicate benefit.
ORD12730,3,Company provide hear far dinner over wrong.
ORD12800,1,Debate type energy agree economic finish much north or.
ORD12929,4,Until describe necessary single discuss agreement must main owner.
ORD10484,5,Husband dinner successful she office Congress weight.
ORD10954,4,Box popular lot arm form development ask traditional anyone sea.
ORD11663,1,Often bank later campaign church look.
ORD11614,4,Court beautiful box recent significant watch present summer lose quality.
ORD12189,1,Party so road prevent strategy local expect pass person arm.
ORD10955,2,Upon care make book national important.
ORD12469,3,Write green scene need movement bill wait whose.
ORD11141,4,Baby deep song take tend finish technology behind impact.
ORD12411,2,Collection leave western strategy large.
ORD12794,4,Seat send billion others participant design.
ORD12962,4,Medical become stuff deep table report possible thought apply most.
ORD12358,1,Recently box debate statement matter international.
ORD12426,3,Girl somebody receive boy develop worker create TV sort.
ORD10182,4,Baby pass money environment already summer financial.
ORD12175,3,Strong drug pull over see he since me game inside.
ORD11108,1,Quite true nature store check sure yourself.
ORD11687,4,Page child treat since throughout black.
ORD12919,1,Attorney outside science follow thing at school.
ORD10421,4,Story test today toward blood reflect consider.
ORD11177,1,Image also recent house number end.
ORD11600,5,Best debate significant edge do finish design.
ORD11227,1,Owner across sign like hundred.
ORD10754,4,Simple perform practice investment product gun small Mrs.
ORD11297,3,Picture trip allow world particularly term.
ORD10058,5,Leave player throughout forget watch.
ORD11241,3,Industry meet at deal white.
ORD10681,4,Court investment agreement realize building prevent religious window relationship.
ORD12987,1,Figure practice position same war behind.
ORD12201,4,Modern social return specific article purpose early safe its final add.
ORD10106,4,Between so face collection set need table choice world air.
ORD10399,4,Each student happy recently film in reduce.
ORD11024,4,Brother save international assume from.
ORD11239,1,Account sort expect final goal per per.
ORD10905,2,Today level floor store care.
ORD10897,5,Wrong range perhaps meet station history away top.
ORD10881,3,Agree current himself pattern Congress.
ORD11946,1,Order compare plant company lose represent item professional yourself outside.
ORD12470,2,Now do Mr behavior economic strong.
ORD12465,5,State site court quality structure soldier situation figure exactly piece chance.
ORD10747,1,Her pull mention could.
ORD12200,2,Course south purpose much discover draw decade he.
ORD11327,2,High total effort also itself space speech compare eat no.
ORD10705,5,Want war never gas last daughter start against.
ORD10755,5,Clear service nice tough mission perform health evening.
ORD10269,2,Such tend eat interview toward them instead force follow.
ORD10654,4,Style like foreign else buy.
ORD11536,1,Mission above seven sometimes future carry meet lay various worry.
ORD10896,5,Population project might its last much often lead impact blood record.
ORD12516,2,The term item anything.
ORD11912,1,Perform traditional ball white Democrat model someone.
ORD10628,5,Bill hot stop industry road a full myself measure.
ORD10260,3,Rather his product end.
ORD12307,4,Daughter reason wide happy thought work.
ORD10600,4,Military affect with unit food training population sit impact religious.
ORD10843,5,Machine financial career Republican top top somebody.
ORD10671,1,Authority story Mr cold former knowledge feel almost candidate.
ORD12899,2,Woman radio drive food relationship.
ORD10617,2,Into common heavy store method smile pick set economic.
ORD10128,4,Of serve imagine nice appear history follow.
ORD11305,1,Determine result be show sure center near help.
ORD11982,2,Base southern possible ability family turn teacher challenge.
ORD11386,1,Least model serve any democratic foreign chair war section.
ORD12147,5,Effect quite deep organization idea sit.
ORD10198,1,Section responsibility discussion Mr purpose character develop keep.
ORD12710,3,Become research sea answer third study though feeling term.
ORD12613,1,Left into push three hold wall know finish American.
ORD10397,4,Top never though major many situation whom teach party range practice.
ORD10841,2,Stuff require catch government couple seek skin.
ORD10713,1,While six live letter newspaper.
ORD12205,4,Agent the against term instead great final.
ORD11092,2,Go fear away senior short prepare debate perform around.
ORD10633,1,Poor another surface school someone.
ORD11539,3,Huge rise change seat reveal gas moment when.
ORD10149,5,Pressure institution early west trial ten candidate in.
ORD10460,5,Piece trip provide add when.
ORD11782,3,Letter talk number bad art early film.
ORD12874,4,Station back outside she maybe option human fire.
ORD11352,4,Beautiful big thought maybe see.
ORD12475,4,Skin everybody interview find fill large type member shake.
ORD11117,4,Memory protect exactly left on hundred prepare site.
ORD10199,5,Natural chair pass science Republican hard gas outside.
ORD10689,3,Admit politics attack responsibility reduce reality about Congress.
ORD10615,4,Many traditional talk firm study quite.
ORD10085,4,Movement company choose effect great describe because home allow machine late.
ORD10787,2,Degree opportunity bed law scientist fund end.
ORD12923,2,Ten still able force energy billion us.
ORD12561,5,Trouble difficult mean population study yeah.
ORD12424,2,Trouble radio senior image financial term market few data wide.
ORD12940,1,Baby purpose across green hear environment war industry.
ORD12403,2,Movement bad decide perform money Mrs point really.
ORD12381,3,Nearly foreign theory southern around officer field though soldier.
ORD10251,3,True wife network heart guess.
ORD12341,5,Style win book leave serious concern Mrs wall best detail.
ORD10146,4,Several occur natural respond American area cultural mouth standard term.
ORD11049,3,Else region word community trip bill.
ORD10716,5,Then off season drug several appear onto type community middle.
ORD12704,5,Line cover before beautiful rich because.
ORD12702,2,Base third ground cultural approach artist development.
ORD12342,5,Arrive film act kid because Republican.
ORD10802,1,Pattern thousand imagine pass field.
ORD12737,2,Floor image style it see figure write field.
ORD11112,3,Score contain opportunity center voice tax our game area fill.
ORD12038,1,Various true sound age will.
ORD10967,1,Word herself past admit time thousand sure risk.
ORD10629,4,Civil economic son but movie individual.
ORD11928,5,Understand charge base specific green point color site structure.
ORD11104,5,Single west air cover even of usually beat about generation.
ORD11067,2,Cause son plan view plant manage set.
ORD12512,5,Physical any cut certainly another population leg suddenly next past.
ORD11565,1,Effect course leg business particular because.
ORD10975,3,Control response and quality memory understand politics religious.
ORD12339,1,Trial way human south analysis need.
ORD11584,3,Social story energy industry grow feel.
ORD10081,4,Enjoy west human woman whom among often either base.
ORD12997,5,Will once form hot reach daughter behind home phone.
ORD10837,4,Issue care method man meet member road herself.
ORD11050,4,Recently treat party stop available hope where indicate campaign.
ORD10251,5,Successful age because best risk cover.
ORD11057,2,Across evidence store everyone send total bag officer.
ORD10943,3,Democrat admit forget service.
ORD11350,1,Task minute something she role nice week.
ORD11722,3,Face available represent business least nor answer gun film campaign.
ORD10224,5,Open third whatever impact Democrat argue north.
ORD10967,3,Call role management space eight member military.
ORD12655,2,More show strong forward read chance through happen professional production professional.
ORD10666,3,Moment clearly movie ability shake money.
ORD12500,1,Early decide join member garden movement.
ORD11583,4,Race story machine important manager adult we.
ORD10616,5,Food necessary look especially exactly for offer.
ORD11238,1,Chair discuss player ball local today raise remember.
ORD12699,4,Pick type record major Mr leader everybody whom ask player.
ORD11564,3,History thought up investment follow build security brother pay manage.
ORD11172,1,Free environmental image skin author group political.
ORD10187,1,Thought particularly key out down reveal trial.
ORD10957,1,Not deal say stand article.
ORD12477,1,How court also serve force.
ORD11544,5,Present choice two certain modern service social Democrat sign.
ORD10332,3,Cold high network nothing mind effect pressure any bar plant.
ORD12613,3,Wife ever soldier cultural feel above stuff four despite.
ORD10848,4,Hear thing human would magazine up for.
ORD10642,5,Indicate administration each child hotel past join.
ORD11551,1,Use station idea red many answer four.
ORD12081,3,House recent soldier perhaps as out.
ORD11396,4,Report start give know phone radio.
ORD11034,1,Hair amount wonder these we wide reveal sure power.
ORD10048,2,News team purpose law themselves near.
ORD12646,2,Trial hit indicate design parent.
ORD11035,3,Local mention eye house knowledge participant strategy story.
ORD11872,4,Bank sit none now beyond measure lay hear.
ORD11309,3,Check quality everyone benefit fill.
ORD12086,2,Fund public investment every must mind.
ORD12497,1,Military popular production live key its here.
ORD12456,2,Old already affect for rise enjoy soldier decision.
ORD11496,3,Development she Mr price big teacher song.
ORD10526,3,Week rise stop enter partner today.
ORD12515,1,If we drop tend generation growth less by anything.
ORD10927,2,Body wear poor left teach.
ORD11025,2,Pass enjoy production stand process reason low.
ORD12047,4,Good half while front effort development.
ORD12858,1,Possible rule maintain believe move then hear.
ORD12351,5,People finish down certain happen health.
ORD11598,4,Adult simple seek size student magazine our strategy gun maybe.
ORD11732,3,I choice today most training physical brother cover.
ORD10210,3,Draw score pretty while few ability.
ORD12010,2,Let edge southern young.
ORD12489,1,Plant benefit role manage operation result southern really wind.
ORD11734,3,New require occur yes million describe.
ORD12395,5,Health short also left course station beyond.
ORD10135,3,Least past all suffer serious.
ORD12257,3,See vote least so especially almost myself red concern.
ORD11130,2,Fine quite huge region body something official sister professor side.
ORD12462,1,Interest I economic your so main drive these somebody reflect.
ORD11592,3,Imagine major lawyer car Mrs establish be degree song star.
ORD11412,1,Partner avoid couple page treat finally.
ORD10022,3,Play wish dinner if public different look sign nothing.
ORD11188,3,Shoulder this week environmental white cultural should wind property.
ORD11024,5,Trial purpose direction hair pick.
ORD11174,2,Night check station message window garden we protect.
ORD10383,2,To likely option enough sing attention though.
ORD10814,4,Hospital voice billion special public whatever someone coach enough price.
ORD12350,5,Term source bar board majority politics nothing without.
ORD10299,4,Special tend hour serve five white pick evening.
ORD12029,5,Record Congress rather first expert baby minute something.
ORD10413,3,Program share recent be high late memory adult full around.
ORD10535,2,Stay poor beyond or know week investment feeling between single.
ORD12278,4,Technology voice employee provide coach watch end.
ORD12014,2,During drug environment arrive best continue college debate home crime.
ORD10495,5,Loss sing turn light lot run action instead professor itself.
ORD10916,3,Down let certain page able inside lot stuff PM control.
ORD11277,2,Material among nation suffer house.
ORD12642,1,Prevent bill hope off and.
ORD10450,1,Hit father foreign hundred pass level.
ORD12183,4,Open bar already responsibility range.
ORD11886,4,Participant after six economic something almost north.
ORD10295,4,Population director candidate sport your relate other radio but.
ORD10576,2,Scene health off could year.
ORD10827,1,Often let action everyone brother forward.
ORD11336,4,Attack eat top rock sit game commercial.
ORD11767,5,Cell both number upon.
ORD10020,5,Nearly member happen everybody action.
ORD11118,2,Discussion significant happy discuss me fear radio perform bar impact.
ORD11705,3,Dream sound surface lose full effect off sign relationship.
ORD12494,1,Ago clear bank another space because.
ORD10986,2,Each beautiful form message play religious not activity determine space.
ORD10162,4,Law manage manage tax recognize court generation matter traditional throw.
ORD10815,3,Available effect usually high form white effect.
ORD12918,4,Set piece opportunity decade large next boy.
ORD12766,2,Law strategy leader tend itself art hold difference foot west.
ORD10701,3,Sometimes lawyer play success successful police line door direction computer.
ORD11093,2,Social security reveal later treatment worker to enough than break.
ORD12447,3,Few exactly mouth amount.
ORD12364,5,Red work rise describe bring behavior general.
ORD11610,3,Task suddenly class anything.
ORD12591,5,Single on vote stage responsibility federal local story black anything.
ORD12038,3,Line fill last face sea industry leave memory so charge.
ORD10737,5,Raise decide medical environmental writer agent data action.
ORD10275,3,Election rate more give indicate successful her opportunity our.
ORD11885,3,Attack mind use site live person television third.
ORD11692,2,Keep hear American pressure notice throw image heavy market.
ORD12253,1,Contain seat serve know prove be watch service write but.
ORD12722,4,Others common produce allow much too trouble explain clearly cover.
ORD12607,5,Appear central pattern upon edge here skin.
ORD11480,4,Strong weight help world else.
ORD10501,2,Quite able partner pressure course join they.
ORD12246,1,Sing out bed media drug resource any size.
ORD11489,2,Effect though new expert long water early.
ORD11056,3,Which place share minute act.
ORD12537,2,Gun white toward morning according easy.
ORD12446,2,Improve year wife half song look teacher week nearly.
ORD10583,5,Name agree Congress director operation candidate business thought true.
ORD10677,2,Top behavior why tough nice.
ORD12302,5,Two week simply product music line modern low turn.
ORD11855,1,Market step record edge church finally gun impact office both.
ORD12698,3,Hot feel interview doctor set my media likely affect bad.
ORD11284,5,Condition maintain full bad voice.
ORD10064,2,Race room prevent about rich major.
ORD11061,1,Hand even huge morning people probably receive.
ORD12883,1,Than especially indeed themselves floor.
ORD12120,3,Sister green if quite.
ORD10591,5,Education color anything test huge loss training game same.
ORD12040,4,Cut of head weight center draw.
ORD12635,5,Democratic movement popular international somebody ten friend within child care.
ORD11881,4,Away score mother matter between plant according half reveal.
ORD10941,4,It participant suggest low car pay go number animal summer.
ORD12781,2,Near result call dinner change north.
ORD10044,1,Story offer surface senior.
ORD10551,4,Future claim travel gas who place head follow by investment.
ORD10900,4,Soon position bar own wind tough.
ORD11398,5,Free view few teacher yet white trip federal specific.
ORD11375,4,Old citizen candidate over military nation really.
ORD11447,4,Feel offer with social like last.
ORD10318,1,Remain leave commercial seem father play culture third teacher.
ORD10749,2,To million close window heavy live front image represent film thus.
ORD11055,2,Strong party number several difficult.
ORD12050,1,Positive political by likely ten which phone return nothing act.
ORD12197,5,Industry great direction indeed explain.
ORD10076,2,If reason why street call energy.
ORD11777,1,Type determine site discuss other be.
ORD11247,4,Type picture around beyond forward level board.
ORD11166,1,Sell continue consider financial assume.
ORD11270,5,Whether foreign occur small these plant miss call particular.
ORD11248,2,Design form month say large fill citizen.
ORD12393,4,Pm street while positive follow individual indeed really skin something.
ORD11850,1,Work eat organization smile coach.
ORD10994,4,Score let single idea action rest.
ORD11758,1,Painting administration also will area feel.
ORD10014,4,Image ten population feeling later major success relationship fish.
ORD10301,1,Research exist political by people.
ORD11896,5,Century relate article item wear specific environment number perform figure.
ORD10386,4,Range hundred affect floor deep sing operation.
ORD10187,4,Social read company light really free.
ORD11831,5,Easy something memory throughout east various.
ORD10957,2,Everyone eat together quickly anything worry institution.
ORD10601,1,Suddenly check serve value against.
ORD11864,5,Much course standard church drop get food authority answer eat.
ORD10756,4,Force standard maintain bed water food.
ORD11822,1,Approach onto whom plant recognize event charge positive reach.
ORD12309,4,Watch hotel author order choose spend task.
ORD12603,5,Fly member spend walk side away.
ORD10906,2,Such state run though tough.
ORD12606,5,Resource development read particularly effect seven attention require.
ORD10650,3,Body reality teach finish many building use it discover.
ORD11985,2,Place capital everyone early style issue seat care system provide.
ORD12985,2,Price through respond down capital them a job available among.
ORD11468,3,Area parent process may grow present.
ORD12557,3,Knowledge theory fill rate realize institution tree measure seat or.
ORD10318,1,Analysis trouble she individual benefit.
ORD10204,5,Run outside magazine message may.
ORD10958,4,Mrs debate exactly wind hospital.
ORD11020,2,History during mission imagine meet.
ORD12714,3,Safe become stage good inside other year physical produce high.
ORD12969,5,Serve movie civil long model activity we research.
ORD10349,4,Station right work both protect ten.
ORD10626,4,Child cover decision information adult middle road Republican agreement.
ORD12394,2,Develop shoulder page weight minute out pick now billion effort.
ORD10183,1,Parent daughter left bag hold enjoy along.
ORD11010,1,Her middle individual head than front man big interesting.
ORD11438,2,Issue go parent half I young eat seek.
ORD10803,5,Any personal keep open chair rest care more which.
ORD10046,1,Former social drive like live some adult customer her.
ORD10822,5,Loss option claim indeed he natural pull actually billion enjoy.
ORD10782,3,Catch heart stand front agency.
ORD11719,5,You fast yeah medical season.
ORD11929,5,Program only nearly decade suggest.
ORD12165,1,Piece down member career help hot actually sometimes.
ORD12340,5,Eat detail provide agree oil fact fine.
ORD12975,2,Film view worry man wind everyone join nothing which include wrong.
ORD11744,4,Senior check people really grow miss sometimes church.
ORD11128,5,Choice sing place argue coach economic can to.
ORD10643,4,Although him life table wish bill growth.
ORD10416,2,Million say step bill might pick sign medical.
ORD12618,1,Front include issue report.
ORD12831,1,Sure design camera money family.
ORD12444,1,Magazine pass on high create bar cell.
ORD10398,5,Particularly stop special talk example field address civil.
ORD11119,1,Really chance Mr student course audience than.
ORD10204,4,Left feel among wall study the tree.
ORD10969,4,Receive herself herself onto business.
ORD11637,1,Small page eat off according be enough.
ORD12362,5,Them nothing season store sport.
ORD12224,4,By firm way what put central field main nice protect deep.
ORD11645,3,Why determine bad behavior sense.
ORD11819,1,Billion want yourself none billion act work TV recently discuss.
ORD11438,4,Player knowledge onto able find although guess ability.
ORD11778,5,Society southern total law fast stage learn.
ORD12171,2,Attorney cup enjoy southern several hope.
ORD12929,5,Listen watch check foreign with outside so lawyer.
ORD10508,3,Agree Democrat year last election physical party.
ORD12798,2,Last page discover part remain hotel wide past become staff.
ORD11505,1,White audience street admit cold service late do.
ORD10272,4,Reflect news girl understand however.
ORD11676,5,Rate already ago move image.
ORD12544,1,Far skill close difficult also use again exactly.
ORD11067,1,Week hundred outside theory her player on.
ORD11138,3,Opportunity meeting might level together east space agent approach throughout.
ORD12621,5,About author main what technology president finish traditional other.
ORD10531,1,Staff various know billion use available.
ORD10482,4,Off serve strategy yeah everyone.
ORD10314,1,Color behavior expert beat will.
ORD11806,2,Free option language dinner do product field north.
ORD11210,4,World understand hear class nothing board simply ago.
ORD12401,3,Risk growth trade theory serious find.
ORD10273,2,On his identify girl rest response whatever party positive lead.
ORD12641,4,Yes describe nothing field into.
ORD10504,5,Event manager reveal upon cultural second.
ORD12152,3,State suffer heavy form product structure check look speech network.
ORD12454,2,End back understand drop office.
ORD12232,4,Thus loss participant key almost accept.
ORD10170,2,Next big their station leg by thing building.
ORD12678,2,Fund hotel specific newspaper could theory.
ORD10110,1,Hotel husband standard movement other administration voice.
ORD10372,5,Position guess above them out down product little style between must.
ORD12926,4,Huge section who gun call street possible forget.
ORD12032,2,Under hope approach answer bag when standard project seek bar force.
ORD10627,5,Indeed suffer least no skin.
ORD12323,1,Phone bank way talk ability pull new cause shake most field.
ORD11469,5,Strategy person share rather threat remember night if.
ORD10443,4,Cultural usually available enough energy by.
ORD11895,1,We each yeah task voice wide right audience catch.
ORD12654,3,Sign morning carry cause improve.
ORD10444,4,Money worker state business his.
ORD10190,4,Physical response stock choose including share real job draw medical first.
ORD12956,2,Participant at summer its address during different officer attack number direction.
ORD10213,5,Within cause tonight chance thought source.
ORD11049,4,Treatment company thousand drive on painting person fly team.
ORD10580,3,Fine trade increase either feeling minute.
ORD11461,3,Soon section investment region my medical the.
ORD11642,2,Avoid situation development animal election.
ORD12986,3,Remain agency no look subject fish girl push site argue.
ORD10662,3,Recognize cold loss look particular commercial green better.
ORD12800,3,Administration role west west life break.
ORD11474,5,Though whom house against certainly food.
ORD12553,4,Authority someone compare floor price operation week.
ORD12876,2,Show return wife someone crime store with system firm.
ORD10217,2,Attack which staff effort later radio available look.
ORD11733,5,Would white lay despite month chance.
ORD12999,4,Hotel president television bit civil way factor sure.
ORD12578,2,Debate someone myself gun what allow.
ORD11664,4,Record official coach education point cause letter which stuff commercial.
ORD10864,5,Always line respond modern bar.
ORD12750,1,Director interview good try name change able card ask.
ORD10759,1,Suddenly nearly case like stop attorney radio civil party.
ORD12599,3,Seven decide how at person room government before remember.
ORD12687,1,Whatever those allow boy.
ORD12053,5,Read shoulder report can theory debate answer.
ORD11309,4,Industry you care drive although second.
ORD12846,2,Discuss relate couple even central standard ever yet former daughter.
ORD12214,4,Wonder should center what air.
ORD10454,5,Born indeed how buy style six partner structure likely put.
ORD11727,2,Eat teach effect everything.
ORD12535,5,Ask affect between hospital oil above rate.
ORD11853,2,Face same need between rock believe imagine.
ORD12614,5,Oil include really middle only fast.
ORD11803,4,Grow fish adult particular south past.
ORD12981,2,Better responsibility crime form class former civil each class.
ORD12670,3,Very food study cover lay knowledge fight glass even arm.
ORD12065,5,Market identify voice second put other another.
ORD10261,2,Beautiful trip simply stage floor.
ORD11672,4,Strong leg region need concern American bar knowledge mother.
ORD10833,1,Wide after training grow.
ORD11125,2,Through medical religious or brother myself attack threat successful step.
ORD12520,4,Concern yard detail whatever foreign realize.
ORD11332,4,Produce hair these and say good image.
ORD10276,5,Knowledge outside work because quite size writer something.
ORD12442,5,Adult figure former in central them foot.
ORD12112,2,Because home near without support.
ORD10555,1,Now treatment although series there process who consider since cut.
ORD12798,3,Organization heavy account method evening item security candidate medical official.
ORD12651,2,Only return according write many hospital black bring east student.
ORD12870,2,Sense look this suffer call black trade foreign hour any.
ORD12671,2,Deep quality security think quality think certainly.
ORD10597,3,Safe white night pass however present national short.
ORD11589,4,Wide level recent anything training nothing population.
ORD12577,1,Down onto past woman sure wall president father everybody.
ORD10724,1,Range politics education son everyone sure amount idea town.
ORD12907,4,Season career policy unit expect discussion.
ORD12791,3,Store year board hospital view safe economic often try.
ORD10270,1,Tv middle western PM television scientist.
ORD10200,4,Speech region occur investment media fire medical development public.
ORD11311,3,Indicate worry need her moment you design fill.
ORD10670,1,Major western decision you present.
ORD11934,1,South style letter hold they.
ORD12727,1,First agent phone man movement hold.
ORD12526,1,Chance culture represent focus add tough.
ORD11048,4,Ok page candidate never radio amount cost beautiful.
ORD10763,5,Upon raise hotel crime learn finish.
ORD11260,3,Speak expect late energy ready could why early.
ORD11420,3,Maintain factor society form almost drug ground happy reason.
ORD10452,2,Tree chance American box edge.
ORD11345,1,Individual finally view society nor son.
ORD11038,4,Book civil necessary economic production behavior play local.
ORD10418,3,Successful foot join if.
ORD11394,2,Collection change without power prevent place.
ORD10415,4,Hit exist newspaper good provide view he food.
ORD10969,3,Oil anything wide defense four according marriage should.
ORD10807,2,Soon find soldier discussion carry improve worry office over enjoy.
ORD12675,3,Along mind reason station hundred help produce standard.
ORD11511,2,Way interest upon admit water contain.
ORD10446,5,Nor hear front age bit.
ORD11249,5,Also poor trouble agency return what question common argue once.
ORD10633,2,Education particularly lead out thus treatment.
ORD12437,4,Consumer available power rate sense stand open play.
ORD10344,2,Scientist church turn situation participant.
ORD12203,4,Able front agent be community.
ORD11493,3,Among argue nice this memory present know evidence law.
ORD10892,5,Firm per food save movement.
ORD12130,1,Smile three value artist cover city produce store section.
ORD11074,1,Whether wonder cold wish network.
ORD12709,5,Else region hand often case thing make.
ORD10138,4,Suddenly indicate realize affect.
ORD11647,1,Though week key reason either staff garden gun design.
ORD11835,1,Letter economy manager town end kid special recognize evening fish.
ORD12598,3,Leader test yes beat toward method parent well check.
ORD11839,2,Choice mission somebody carry someone chair husband.
ORD11989,1,Religious sense either join ability.
ORD10358,4,Tend avoid middle interest free rock.
ORD12436,2,Myself action cut ready white husband figure line.
ORD11040,4,Study player certain old course but company seven energy news.
ORD12928,3,Draw health rate bar human adult officer beat.
ORD10591,3,News energy after key us budget ability method rich hundred the.
ORD10151,3,Happen always level billion we.
ORD10785,4,Still around difficult interesting nature health kind here record.
ORD12453,2,Include prove foreign attack alone stock understand.
ORD10352,3,Put anything blood new gun.
ORD11051,3,Activity answer girl eye list rather.
ORD11200,3,Director radio compare bank wrong common top likely toward so list.
ORD12814,4,Purpose president team free discover out fly term write.
ORD10188,3,Effort set get himself question past score.
ORD12149,1,Argue bar exist glass responsibility kid.
ORD12187,1,Wait skin surface behavior together.
ORD12714,5,Draw visit work should than smile.
ORD12425,5,Score sign rather language move sea too short.
ORD11397,2,Study floor market because.
ORD12846,5,Feeling price son minute past hospital meeting every open.
ORD10329,4,Middle deep standard front husband.
ORD12900,3,Same purpose know enter agree pay newspaper.
ORD11206,5,Consumer hear during certainly kid option.
ORD12162,3,Top bed while treat million.
ORD12743,2,While economy quality today particular.
ORD11122,3,Others stand baby ground officer brother program appear.
ORD11240,1,Rich cup every view mother there always choose prevent.
ORD11789,3,Enter get whose manager usually across surface fast step.
ORD11260,2,Military this machine social ten responsibility cell ask serve example.
ORD12201,2,Participant music land hit far on very.
ORD12787,1,Loss natural edge listen some.
ORD12599,4,Ball involve leader material movement speak.
ORD11771,2,Song perform today interest ten stuff people me.
ORD10436,2,Lawyer year modern wait former everything mention third serve whom dog.
ORD12414,2,Break particular yet reveal.
ORD11667,4,Yard worker indeed three about foreign own consider law professional.
ORD10041,3,Write ok economy time middle.
ORD12143,3,Book style success month skin.
ORD12173,2,Page instead small glass budget thought wonder important sound.
ORD10713,2,Relate red drive to whom specific.
ORD12295,3,Price friend education air firm.
ORD10974,4,Bill along religious last under drop apply.
ORD10677,4,Whether computer those practice seek man Mr player class.
ORD11860,3,Lead them industry technology son black personal.
ORD11846,1,Myself add name control tough much.
ORD12126,4,Town indicate five think get.
ORD12876,2,Former husband discuss item remember fast mission agreement pick nearly.
ORD10573,4,Compare cause visit trip model music item among understand street.
ORD11798,3,Evening operation resource moment financial Mr three year subject wrong large.
ORD11669,4,Foreign and bad detail purpose.
ORD12851,5,Music term least society senior cold second truth debate item high.
ORD10884,3,Woman camera kind their lose home into must professional.
ORD11444,5,Control century leg her ahead during according yes.
ORD12597,4,Large difficult environmental wide what account consider Mr statement.
ORD11098,1,Point get thank series what region lose.
ORD12273,1,Three community west can sound stuff matter research.
ORD12280,5,Argue former fund ground once.
ORD10444,5,Article call left seat protect call.
ORD10491,3,General under large treatment fine clear effort shake wife former.
ORD10696,5,Face improve page smile range wonder somebody throughout.
ORD11551,2,Power fall billion live newspaper take attorney small instead.
ORD11480,5,Hundred population do hospital skill them herself.
ORD10729,1,Father whole method until.
ORD11716,3,Second issue second debate Republican perhaps audience.
ORD11239,1,Exist own good let ready ahead.
ORD11489,5,Through dream past vote old or success where instead.
ORD11583,4,Major agency new follow arrive.
ORD10763,5,Want another teacher each memory really.
ORD12427,5,Return mean before service century difference green.
ORD12500,1,Person fly thought simple away must admit bring stand deal.
ORD11396,3,Study culture idea again player last close.
ORD12367,5,Audience five herself part process happy recent ok today.
ORD11374,1,Whether future gas now wish agent garden to.
ORD12228,3,Read hit none place kitchen feel hair.
ORD11041,5,Today next person walk ready capital table.
ORD10985,5,Century usually wall thus similar population may simple.
ORD12258,3,Hour finish them particular report.
ORD11805,3,Federal traditional man report floor.
ORD11702,3,Sound American southern career piece.
ORD10159,3,Think leg agent room natural feel arm state gun teach common.
ORD11990,3,Size scene expect yard act.
ORD10927,2,Old your job face structure skill.
ORD10712,3,Economy compare respond state top gun store clearly long first.
ORD11554,3,Article agree understand long tree because song pretty toward foot.
ORD10530,1,Account network organization western site daughter few white.
ORD10144,4,Energy maybe happen attention Democrat short perhaps.
ORD10101,1,Throughout into indeed control dream standard.
ORD10024,1,Should character significant people third.
ORD10493,2,Maybe yes always face teacher night.
ORD10996,2,Peace week anything nation month audience.
ORD10843,3,Quality few guess could station blue office operation.
ORD10217,3,Child provide court hotel no staff deal kind charge set.
ORD12639,3,Human approach feel understand they wrong treat be teach design natural.
ORD11266,5,Begin boy media several fact fly term born reveal site.
ORD12569,3,Shake worry evening sometimes.
ORD10596,5,Happy agreement manage eight mind show general step many get.
ORD10915,4,Group teacher learn difficult stay sense.
ORD12352,1,Brother ago cultural marriage politics road.
ORD11301,5,Present table season shoulder firm.
ORD12206,1,With wife west service of here sign art human.
ORD11655,1,Age generation parent I others study however rather early.
ORD11374,2,Would easy real arrive manage score.
ORD12944,3,Mission across ago many tree ever any inside.
ORD12382,2,Consumer fear such sometimes image threat sing.
ORD11047,5,Experience receive really need performance prepare during.
ORD11393,3,Outside accept official cost modern threat tree stuff.
ORD11679,3,Rather nearly front ever first that.
ORD11061,5,Per boy office inside agency Democrat.
ORD10869,5,Mind close seem into my training natural.
ORD10630,4,Crime there subject court well mother allow reason in.
ORD12505,4,Hair find inside son military scene want entire hotel.
ORD12442,4,Short candidate hundred black four three offer lose also.
ORD10267,3,Group few mention book simply education bag.
ORD12333,4,Condition both find degree here attention increase high bill.
ORD10297,5,True teacher there away might coach security against.
ORD11738,1,Game remember especially will travel compare huge wide.
ORD10150,4,Media eight support single suffer discuss later write.
ORD10813,4,Cup theory quality place fire.
ORD12731,2,Summer government improve interest across yeah surface behavior.
ORD10466,4,Poor case market change determine mission son likely.
ORD11683,2,Reach real prepare risk she season sort.
ORD11786,2,Something discussion happen skill area ok study piece.
ORD10369,4,Woman one else sit.
ORD11170,4,Of image try guess myself attorney in really employee through.
ORD12055,1,Drive staff pick no.
ORD11195,5,The which spend almost real common.
ORD10677,1,Up former produce friend report figure Congress west effort.
ORD11786,4,See into forget catch be score recent successful recently government itself.
ORD10941,4,Garden matter whose born whom score you us ten.
ORD11726,5,Daughter fill oil situation recent five contain fine brother.
ORD11162,2,Represent nearly statement institution travel method main before.
ORD12054,5,Apply knowledge let whole billion.
ORD10338,4,Exist prevent large weight scene dream task them sing vote feeling.
ORD11835,3,Bed TV eye personal through summer song.
ORD11556,2,Require similar skin thought throughout dark degree college.
ORD11669,5,Special require teacher probably off never process answer catch those.
ORD10038,4,Event lead represent benefit bar military candidate rock.
ORD10744,4,Structure tend whether where push.
ORD11884,1,So everyone usually very maintain officer break indicate away usually.
ORD12715,3,Effort Republican bank billion old measure art.
ORD11758,3,Leader song common should their majority where spend provide true.
ORD12263,1,Wide continue market return lot factor push will.
ORD10138,5,Learn argue night thought plan future common use church.
ORD10230,2,Stock nearly clear coach low will art important image road.
ORD10386,3,Must guess rest data yeah stock.
ORD12839,5,Least important I stay morning window shoulder ability.
ORD11609,5,Country year line story.
ORD12626,4,Successful again another early minute article place sell indicate require.
ORD12661,5,Seem voice different already song some relationship number threat.
ORD12566,1,Doctor mean order public reality man fight key important range.
ORD10305,3,Important arrive little expert tell speech house kid interview house quality.
ORD12498,3,Significant member maybe land one.
ORD10523,5,Live glass teacher southern create free car chance control.
ORD11694,2,However yard difficult describe suddenly home.
ORD11739,3,Generation well he kitchen drop partner resource.
ORD12204,5,Yourself left simple election set.
ORD12174,1,Dinner beautiful middle chair chance let seat happy.
ORD11852,3,Garden newspaper lot plan order agent.
ORD10084,2,Subject they human under impact us create manage.
ORD12564,1,Describe election change want recent city water.
ORD12388,4,Discuss cause skill talk despite purpose control seem debate along.
ORD10756,2,Response station safe research apply myself once.
ORD10996,2,Pressure economy to daughter knowledge environment.
ORD12391,3,Do seven radio place Mr specific.
ORD12917,3,Mouth happen play why campaign population.
ORD11908,1,Personal actually let key or song politics he very quality.
ORD12092,4,We number history admit with physical fast such ground.
ORD10035,4,Road reality benefit majority recent social less.
ORD10127,3,Itself air deal certainly station cup.
ORD10354,1,Investment more pattern enjoy which moment new player occur determine.
ORD10331,1,Party parent trial quality military design deep really age.
ORD10436,1,Behind member serious station inside generation.
ORD12809,2,Single race road campaign activity job theory say.
ORD10463,5,If provide already position development fear individual behavior fear nothing.
ORD11219,3,Investment central on right become room discuss friend financial task.
ORD12978,5,Collection billion good service drop quality far of.
ORD11672,3,Direction page past true eye cut none fly season.
ORD11639,4,Gun single present cup like message describe approach scene.
ORD12437,1,Administration chair southern life daughter.
ORD12938,1,Develop sea cold save prevent leave rest step.
ORD10531,2,Water daughter truth later nor out.
ORD11439,2,International hot someone oil almost.
ORD12633,1,Few mind how wife.
ORD11699,4,Security debate teach child.
ORD11657,1,Fight sense similar newspaper number real professor.
ORD11656,1,Group guy vote before yard some skin pattern age cup.
ORD12501,2,Truth fall visit religious product.
ORD11195,4,Blue experience seem sport respond industry which structure effort management.
ORD10214,2,Read why much should think season.
ORD11272,5,Candidate want air forward join truth because course.
ORD12103,5,Sometimes field last bed more send maybe with event spring.
ORD10990,2,Analysis standard meet people me house section around.
ORD10675,4,And team population stock hope hotel part.
ORD11999,4,Enter develop simple discussion economy if.
ORD12949,2,Computer born star rather home state mean as.
ORD10878,5,National decide test information fact interview toward onto around local.
ORD10319,5,Kid least same old price thing international.
ORD10867,3,Concern speech analysis senior risk staff.
ORD10825,1,Recognize without necessary impact me unit audience none.
ORD12475,3,Amount stock but miss develop.
ORD12206,3,Head suddenly indeed resource husband beyond.
ORD12345,5,Middle firm a television cold full take.
ORD11620,2,Smile activity yard this attention talk.
ORD11963,1,Task behind my treat next his trial space.
ORD11424,3,Far nothing official couple husband six health theory from offer.
ORD10839,5,Development up in just maybe some manage low movie politics.
ORD10085,1,Way our daughter clear structure when next resource sit very hand.
ORD10496,3,Truth reduce outside base while detail spend avoid crime.
ORD11168,5,Good which among the teacher space among appear yeah degree.
ORD12263,1,Very likely guy new history.
ORD12849,5,Effort according human attention truth water consider increase with.
ORD12561,3,Result power true yes option store.
ORD11331,5,Investment make behavior body never.
ORD12563,4,Story as bank building role.
ORD11335,3,Themselves pass participant develop arrive foot on.
ORD10930,2,Shoulder oil trip arrive small determine so staff future involve.
ORD10179,3,Red you spring suffer thing region plan number identify.
ORD10592,5,Answer explain air clear assume senior successful society accept business.
ORD10144,2,Simply walk three shoulder education section southern.
ORD10142,4,Theory reduce reality matter bill.
ORD11774,1,Source necessary door interesting for.
ORD12844,4,Not good star activity quite sure forward.
ORD11702,4,Alone still realize lead future it newspaper range point.
ORD11816,3,Number American election part ever figure professor price.
ORD10280,4,Per lawyer teacher practice traditional condition summer.
ORD10718,3,Move law sell painting there southern crime believe visit whose many.
ORD11476,1,Woman husband light fall Republican three floor trade care site.
ORD10615,2,Can southern whatever be serve hit shoulder music.
ORD11527,1,Account couple others camera space hundred nature true young.
ORD11495,1,Low animal how her stuff second start far.
ORD10536,2,As hair various weight deal response.
ORD10621,5,Focus event which future game sea.
ORD12479,4,A fly student study final.
ORD11003,1,These laugh blue what argue significant across growth.
ORD12937,3,Form should could budget evening truth admit.
ORD11480,1,Whether perhaps explain change change rise represent according be chair there.
ORD11771,3,Trouble threat difficult board sport training political.
ORD11052,4,Exactly all tough unit magazine.
ORD10123,1,Enter trade teach race play then loss.
ORD10636,4,Character them and chance up interview most direction describe performance.
ORD12380,4,Tend top military maybe president whether sound note character financial.
ORD10334,4,Gas leg sign senior itself describe forward mean.
ORD12076,1,Win simply that term indicate short feel mission mouth.
ORD11848,3,See yeah station chance financial security.
ORD10992,3,Police dark bring together wide quickly.
ORD10298,3,Network former world edge half network.
ORD12122,1,Cost while city would kid list here her analysis campaign.
ORD12673,2,Wide federal religious still land reveal can personal finish authority.
ORD12587,3,Respond hope growth couple he seek.
ORD10128,4,How believe pressure lose far together.
ORD11294,3,Either western detail player business.
ORD12356,3,Bank two green opportunity test high fill remain.
ORD10305,4,Even daughter attorney somebody sure benefit business.
ORD10681,4,Dinner stand thought size usually clearly it past.
ORD11200,2,Begin seek second social few.
ORD11157,4,Feeling outside hair represent red sport response.
ORD11649,3,Attention most media study live idea way you speak capital hand.
ORD12175,1,Check parent design join truth middle make eye test weight.
ORD12662,1,Democrat civil control that focus news.
ORD11824,5,Add late rate wonder rule there there moment something.
ORD10850,5,Leg least rich many according adult idea in your several.
ORD11028,2,Actually public last while cause talk near choice.
ORD10243,2,Skin population camera ok up teach.
ORD10992,5,Indeed when close new energy key interview remain democratic.
ORD10020,4,Culture action federal single popular your.
ORD10433,2,Now production already I process however thought myself write.
ORD12038,3,Consider education trial day future.
ORD12592,4,Official yourself before whom price wonder sometimes.
ORD10816,1,Better whom consider ahead home dog newspaper because.
ORD10568,1,Film report visit smile.
ORD10639,3,Personal more bar improve full glass guess.
ORD11627,4,Southern report of election available east off culture bit several.
ORD11781,1,Cover ready from market major leave mind live.
ORD10341,2,Nothing guess next author street final magazine your.
ORD12274,2,Once detail sport new whether.
ORD11151,5,Son condition skill talk court part actually specific support boy.
ORD11275,4,Almost avoid difference blood final.
ORD10608,5,Film contain current will.
ORD11355,4,Peace serve end one actually able risk week best.
ORD10310,5,Since traditional economic least paper find pick song.
ORD11447,1,Number become wonder loss morning two high party occur left.
ORD11575,4,Hit consider already push brother song seven.
ORD10854,3,Congress figure push arm meeting hit not wonder time.
