customer_id,name,email,gender,birthdate
CUST1000,Allison Hill,fbrewer@mcguire-davis.com,,1962-03-16
CUST1001,Noah Rhodes,kevinperkins@yahoo.com,Male,1977-01-16
CUST1002,Angie Henderson,jbarajas@yahoo.com,Male,1965-08-06
CUST1003,Daniel Wagner,qnelson@gmail.com,,2004-04-17
CUST1004,Cristian Santos,leslienewton@lopez.org,Female,1985-10-08
CUST1005,Connie Lawrence,wallkenneth@yahoo.com,Male,1998-08-28
CUST1006,Abigail Shaffer,alexis82@williams-brown.com,Male,1972-01-18
CUST1007,Gina Moore,agarcia@mitchell.com,Male,2003-06-10
CUST1008,Gabrielle Davis,ewilson@yahoo.com,,1967-03-19
CUST1009,Ryan Munoz,rayglenda@gmail.com,Male,1955-07-02
CUST1010,Monica Herrera,christopher31@duran.com,,2004-08-31
CUST1011,Jamie Arnold,tkerr@hotmail.com,,1977-06-24
CUST1012,Lisa Hensley,ashley09@hotmail.com,,1974-08-13
CUST1013,Michele Williams,colleenbaker@moore.net,Male,1993-03-06
CUST1014,Dylan Miller,aaronhayes@harrison.com,,2000-06-07
CUST1015,Brian Ramirez,mcdanielsandra@hotmail.com,Female,2006-01-27
CUST1016,Holly Wood,owilson@hernandez.com,Male,1967-09-08
CUST1017,Derek Zuniga,brooke94@martinez-barker.biz,Male,1966-06-25
CUST1018,Lisa Jackson,mkim@gmail.com,Male,1996-02-12
CUST1019,Carla Gray,cassandra01@gmail.com,Male,1998-01-02
CUST1020,Margaret Hawkins DDS,barbara27@pearson.org,Male,1982-02-18
CUST1021,Patty Perez,ecosta@yahoo.com,,1983-08-24
CUST1022,Ethan Adams,manuel12@yahoo.com,,1989-08-09
CUST1023,Tommy Walter,zroberts@hotmail.com,Male,1976-11-08
CUST1024,Matthew Foster,qmiller@wilson-barton.net,,1960-06-10
CUST1025,Judy Baker,mgutierrez@cox.com,Male,1981-10-25
CUST1026,Justin Baker,andrea47@washington.com,,2000-01-31
CUST1027,Stephanie Ross,andrea86@walker.info,,1961-01-11
CUST1028,Zachary Hicks,tyronemoran@thornton.info,,1967-02-11
CUST1029,Anthony Rodriguez,yarnold@weeks.com,,1964-02-09
CUST1030,Rebecca Henderson,kendra65@adams.org,Female,1987-01-12
CUST1031,James Ferrell,seanwashington@yahoo.com,Male,1976-07-24
CUST1032,Tricia Valencia,mcantu@hotmail.com,Female,1971-06-03
CUST1033,Nathan Maldonado,xhall@williams-garner.biz,,1955-01-02
CUST1034,Debra Davidson,tylerjohnson@hotmail.com,Female,1972-04-14
CUST1035,Jeffrey Chavez,sawyerscott@hotmail.com,Male,1980-08-22
CUST1036,Sherri Baker,bowenrobert@hotmail.com,Male,1970-07-26
CUST1037,Cassandra Gaines,harrisontanya@hanson-sanders.com,,1984-12-09
CUST1038,Elizabeth Fowler,ofinley@hotmail.com,Female,2005-10-31
CUST1039,Brittany Farmer,williamsonjimmy@hotmail.com,Female,1972-09-16
CUST1040,Paula Moreno,juliehamilton@gmail.com,Female,1976-12-20
CUST1041,Fred Smith,tjackson@williams.com,Male,1975-02-01
CUST1042,Sherry Decker,ryan38@yahoo.com,Male,1994-03-06
CUST1043,Anthony Humphrey,gregorylynch@harvey-allen.org,Female,2003-09-25
CUST1044,Angelica Tucker,stevenking@estrada-nolan.info,Male,1993-07-10
CUST1045,Philip Cannon,charleslandry@hotmail.com,Male,1955-04-27
CUST1046,John Pierce,dvaughn@yahoo.com,Female,1972-05-03
CUST1047,Shane Henderson,gcastaneda@james.org,Male,1999-01-09
CUST1048,Joshua Blair,andrew64@gmail.com,Female,1979-01-03
CUST1049,Eric Carney,swall@lawson.com,Female,2001-09-06
CUST1050,Jessica Holmes,erica21@lucas.org,,1970-08-15
CUST1051,Danny Morgan,christopherphillips@hotmail.com,Female,1958-10-08
CUST1052,Crystal Robinson,jamesbuchanan@yahoo.com,Male,1999-12-25
CUST1053,Mark Perez,jonathansummers@yahoo.com,,1962-08-02
CUST1054,Shannon Jones,linda71@gmail.com,Female,1986-03-18
CUST1055,Michael Lewis,zcoffey@diaz.net,,1975-06-02
CUST1056,Timothy Duncan,vrichardson@baker.com,Male,1965-05-29
CUST1057,Richard Aguirre,thomasharvey@murphy.info,Female,1982-02-16
CUST1058,Brent Jordan,cwilson@gmail.com,Male,2001-03-24
CUST1059,John Daniel,pwilson@hotmail.com,,1988-09-26
CUST1060,Victoria Garcia,qchavez@horton.com,Female,2002-06-02
CUST1061,Gerald Hensley,basschristina@yahoo.com,,2006-12-05
CUST1062,Connor West,jeff73@garcia-jennings.net,,1975-09-14
CUST1063,Donald Wright,sandersjames@gmail.com,Female,2001-07-07
CUST1064,Jessica Callahan,batesdarlene@hotmail.com,,1962-07-13
CUST1065,Amber Kidd,buchananjohn@buchanan.com,Male,1998-01-02
CUST1066,Tracy House,lisahall@kramer.com,,1974-08-14
CUST1067,Carol Tucker,vanessafernandez@gmail.com,Male,1979-07-21
CUST1068,James Brown,andersonmichael@chapman.com,Male,1996-05-13
CUST1069,William Baker,martinezrobert@gmail.com,,1969-07-27
CUST1070,Jordan Henderson,xwest@wheeler.org,Male,1969-06-14
CUST1071,Whitney Peters,stephen00@boone-simmons.com,Female,1963-08-18
CUST1072,Brittney Phillips,fjones@yahoo.com,Male,1987-01-30
CUST1073,Lauren Daniels,martinezclaudia@kelley.net,Male,1964-12-18
CUST1074,Amy Silva,bwagner@gmail.com,Male,1985-07-02
CUST1075,Sarah Moore,russellbeasley@morgan-chavez.biz,Female,2005-06-04
CUST1076,Angela Lopez,ronald45@mcdaniel.com,Female,1995-10-05
CUST1077,Megan Young,daviscolin@watson.net,Female,1979-12-19
CUST1078,Steve Sanchez,jenkinsmorgan@yahoo.com,,1982-11-02
CUST1079,Lisa Barnes,caroline51@romero.com,Female,2002-04-22
CUST1080,Kelly Donovan,danny49@gmail.com,Male,1991-12-01
CUST1081,Mike Allen,lynchdiane@hotmail.com,Female,1986-07-31
CUST1082,Michael Evans,whitejacqueline@yahoo.com,Female,2006-01-29
CUST1083,Paul Jones,adam29@hotmail.com,Male,1991-02-13
CUST1084,Zachary Ferrell,thomascynthia@gmail.com,,1999-09-25
CUST1085,Daniel Baker,nicholaschavez@wood.com,Female,1969-05-27
CUST1086,Shirley Suarez,moorekaren@craig.info,,2006-05-21
CUST1087,Christopher Bass,alawson@yahoo.com,,1971-05-19
CUST1088,Lisa Archer,reeddaniel@gregory.com,,2000-11-01
CUST1089,Aimee Montoya,djoyce@harris.com,Male,2005-11-25
CUST1090,Matthew Mcmillan,mark07@hotmail.com,,1995-02-01
CUST1091,Brian Rodriguez,davidpatel@gmail.com,,1960-02-10
CUST1092,Denise Jacobs,sandersjudy@yahoo.com,Male,1990-04-20
CUST1093,Christina Walters,umorse@patterson.com,,1984-12-09
CUST1094,John Whitehead,usmith@solis.info,,1990-06-25
CUST1095,Anna Henderson,kimdaniel@yahoo.com,Male,2002-06-07
CUST1096,Aaron Wise,fosterkyle@yahoo.com,Male,1979-02-28
CUST1097,Deborah Figueroa,kimberly18@wilson.com,Female,1959-11-09
CUST1098,Jessica Smith,joelthomas@gmail.com,Female,1992-12-06
CUST1099,Stephen Mckee,kathleenrios@bean.info,Female,1962-03-05
CUST1100,Sandra Aguilar,kmaldonado@hotmail.com,,1958-09-29
CUST1101,Cameron Parker,edward17@yahoo.com,,1991-10-22
CUST1102,Rebecca Valencia,brittany58@gmail.com,,1988-12-08
CUST1103,Christine Wright,dhayes@yahoo.com,Male,1968-04-18
CUST1104,Richard Henson,newmantiffany@gmail.com,,1993-07-06
CUST1105,Marc Moore,ycarpenter@hotmail.com,Female,1991-01-22
CUST1106,Sharon Cherry,kstout@lopez.com,Male,1964-09-26
CUST1107,Sierra Johnson,shepherdmary@hotmail.com,Male,1965-09-26
CUST1108,Evelyn Galvan,benjaminzimmerman@warren-bishop.com,Male,1976-11-13
CUST1109,Sharon Cochran,paul59@gmail.com,Female,1989-12-13
CUST1110,Richard Rodriguez,riveraangela@yahoo.com,Female,1984-08-10
CUST1111,Shannon Walker,jennifer92@yahoo.com,Female,1962-06-14
CUST1112,Julia Torres,sabrinacollins@hale.com,Male,2000-10-31
CUST1113,Crystal Johnson,vschneider@gmail.com,Male,1968-07-08
CUST1114,Garrett Lin,bromero@parker-bean.com,,2003-04-30
CUST1115,Diana May,jeremytaylor@gmail.com,,1994-03-23
CUST1116,William Herrera,romeroamber@hotmail.com,Female,1987-10-21
CUST1117,Ashley Waller,nancy92@bennett.org,Male,1960-09-23
CUST1118,Victor Baker,xwilliams@ball.info,,1989-04-09
CUST1119,Jeffrey Chandler,kylestokes@mckee-lee.org,Female,1984-11-08
CUST1120,Larry Dixon,xhammond@yahoo.com,Female,1958-04-29
CUST1121,Kenneth Scott,lisasolis@gmail.com,,1985-05-25
CUST1122,April Frost,davidsonmorgan@hotmail.com,Female,1963-07-09
CUST1123,Michelle Harmon,mitchellkathryn@cole-palmer.biz,Male,1989-06-19
CUST1124,Helen Jones,lisawilkerson@perry.net,Female,1982-10-23
CUST1125,Erin Edwards,paulmiller@gmail.com,Male,1985-08-16
CUST1126,Michelle Evans,sarah52@johnson.com,Male,1992-11-30
CUST1127,Jason Powell,fgilbert@gmail.com,,1958-06-21
CUST1128,Cameron Fisher,marydunn@hotmail.com,,1992-07-25
CUST1129,Megan Orr,parsonsjohn@gmail.com,,1986-01-02
CUST1130,Elizabeth Kelley,robertbauer@brown-copeland.info,Female,2000-04-27
CUST1131,Dustin Jordan,jennifercarter@mendez.org,,1975-07-06
CUST1132,Mary Marshall,elizabethmiller@yahoo.com,,2003-10-05
CUST1133,Daniel Kennedy,myerstheodore@hughes.com,Female,1956-01-09
CUST1134,Rebecca Jackson,john19@sherman.com,,1981-06-26
CUST1135,Jose Schultz,epollard@white.info,Female,1971-11-09
CUST1136,Robert Potter,james30@mahoney-robertson.net,Female,1954-09-29
CUST1137,Courtney Gonzalez,benjamin34@yahoo.com,Male,2005-04-17
CUST1138,David Alvarez,joshua56@paul-kline.biz,Male,1969-05-14
CUST1139,Angel Perry,tylerjimenez@hotmail.com,,1993-11-23
CUST1140,Cheyenne Horton,acostachristian@hotmail.com,Female,1959-07-06
CUST1141,David Douglas Jr.,manuel15@phillips.com,Male,1957-08-15
CUST1142,Patricia Rodriguez,sergio59@yahoo.com,Male,1983-05-17
CUST1143,Christopher Rubio,jonesdana@yahoo.com,Male,1977-12-26
CUST1144,Amber Wright,thomascathy@johnson-jones.com,Male,2002-03-15
CUST1145,Joyce Solis,cherring@hotmail.com,,1958-11-17
CUST1146,Victoria Larson,xrush@hines-berry.net,Male,1991-05-14
CUST1147,Stephanie Salazar,redwards@gmail.com,,1958-08-22
CUST1148,Kathy Rivas,fitzgeraldvictor@mcintyre-wilson.com,Female,1959-03-28
CUST1149,Stephanie Manning,wendymitchell@yahoo.com,,1986-08-31
CUST1150,David Wright,taylorcharles@roach.com,Male,1956-09-12
CUST1151,Pamela Boyd,jenna88@yahoo.com,Female,1974-01-28
CUST1152,Denise Jones,jenniferho@hotmail.com,Female,1982-05-13
CUST1153,Devon Flores,william13@young.com,,1966-10-15
CUST1154,Brenda Hall,tanner82@hotmail.com,Female,2006-11-13
CUST1155,Michelle Brown,parkeryvonne@mendoza.org,,1963-10-04
CUST1156,Joshua Perry,teresaday@owens-holmes.com,Female,2006-08-27
CUST1157,Jason Stein,ryanbartlett@guerra.com,,1998-03-13
CUST1158,Melissa Gates,fernandodonovan@gmail.com,Male,2004-03-02
CUST1159,Jamie Smith,meghan43@hotmail.com,,1998-06-29
CUST1160,Paul Castaneda,colleenmendez@gmail.com,,1983-02-23
CUST1161,Jennifer Adkins,georgeweber@morgan.com,Male,1980-01-09
CUST1162,Lindsey Walker,frykelli@curtis-wang.biz,,1980-07-26
CUST1163,Jeffrey Johnson,ismall@may-turner.com,,1985-01-23
CUST1164,Michael Powell,shawn02@yahoo.com,Female,1980-03-24
CUST1165,John Anderson,vmarshall@hotmail.com,,1980-02-07
CUST1166,Alyssa Long,michelle55@anderson-wood.net,Female,1960-01-01
CUST1167,Alyssa Day,john14@wright-davis.com,Male,2000-12-31
CUST1168,Joel Williams,kwright@yahoo.com,Female,1999-07-29
CUST1169,Daniel Murphy,kathrynjimenez@hotmail.com,Female,1991-03-29
CUST1170,Jamie Walton,fkoch@gmail.com,Male,1963-08-04
CUST1171,Darlene Miller,pwagner@aguilar.com,Female,1999-01-05
CUST1172,Joshua Cooke,pharper@hotmail.com,Male,1978-03-16
CUST1173,Matthew Harrington,amanda16@gmail.com,,1962-08-12
CUST1174,Nicole Herring,kathryn50@yahoo.com,,1966-09-07
CUST1175,Alex Hernandez,michaelroberts@gordon-duran.com,Female,1991-02-06
CUST1176,Michael Elliott,theresalong@grant-diaz.com,,1981-04-15
CUST1177,Michael Wang,cporter@taylor.info,Male,1990-07-12
CUST1178,Lawrence Adkins,catherinerobertson@yahoo.com,,1963-03-17
CUST1179,Robert Oconnell,phillipjensen@yahoo.com,Male,2004-01-27
CUST1180,Alexander Collins,terickson@yahoo.com,,1969-09-10
CUST1181,Tina Sanders,mark16@parker.com,Female,1954-10-11
CUST1182,Angela Vaughn,tammy99@gmail.com,,2005-12-30
CUST1183,Ashley Barton,ojackson@harvey.com,,1956-02-02
CUST1184,Lindsay Martinez,leescott@hernandez-vaughn.biz,,1974-11-04
CUST1185,Dr. Hannah Patterson,thorntonapril@hotmail.com,Male,1986-01-18
CUST1186,Jonathan Peterson,ufox@gmail.com,Male,2000-05-15
CUST1187,Samantha Garcia,amy49@yahoo.com,Female,2003-06-23
CUST1188,Madison Poole,joshuaevans@wise-bush.info,Male,1991-08-04
CUST1189,Jessica Gross,ybailey@hotmail.com,,1983-05-27
CUST1190,Debra Morton,david86@yahoo.com,,1990-09-27
CUST1191,Karen Graham,kellyroberts@hotmail.com,Male,1980-05-07
CUST1192,Debra Christian,sandra47@harris.com,,1970-03-03
CUST1193,Angelica Keith,danielyang@gmail.com,Female,1971-05-20
CUST1194,John Bishop,santiagoamanda@hall.info,Female,1985-11-19
CUST1195,Allen Rosales,adampierce@russell.info,Male,1978-02-04
CUST1196,Daniel Salinas,manuel01@andrews.com,Male,1965-02-04
CUST1197,Spencer Haynes,lkhan@osborn.info,Female,1973-04-19
CUST1198,Adam Vaughan,nancy04@morrison.info,Female,1967-05-14
CUST1199,Nathan Freeman,melissamcdonald@gmail.com,Male,2003-11-17
