,count
Woody Allen,46
Clint Eastwood,34
Martin Scorsese,31
Steven Spielberg,30
Steven Soderbergh,23
Ridley Scott,23
Ron Howard,22
Joel Schumacher,21
Tim Burton,20
Brian De Palma,20
Francis Ford Coppola,19
Barry Levinson,19
Robert Rodriguez,19
John Carpenter,19
Wes Craven,19
David Cronenberg,19
John Landis,18
Mike Nichols,18
Rob Reiner,18
Walter Hill,18
Spike Lee,17
Norman Jewison,17
Tyler Perry,17
Robert Zemeckis,17
Roman Polanski,17
Joel Coen,17
Stephen Frears,17
Renny Harlin,17
Oliver Stone,17
Peter Hyams,17
Sidney Lumet,17
Stephen Herek,16
Gus Van Sant,16
Blake Edwards,16
Tony Scott,16
Richard Linklater,16
Richard Donner,16
Uwe Boll,16
David Lynch,16
Neil Jordan,15
Robert Altman,15
Ivan Reitman,15
Michael Apted,15
Sydney Pollack,14
Roger Donaldson,14
Peter Jackson,14
Tobe Hooper,14
John Badham,14
Sam Raimi,14
Quentin Tarantino,14
Chris Columbus,14
Garry Marshall,14
Joe Dante,14
Russell Mulcahy,14
George A. Romero,13
William Friedkin,13
Phillip Noyce,13
Lasse HallstrÃ¶m,13
Peter Farrelly,13
Terry Gilliam,13
Wes Anderson,13
Michael Winterbottom,13
John Huston,13
Steve Miner,13
Michael Ritchie,13
Dennis Dugan,13
Alan Parker,12
Gerald Thomas,12
Brett Ratner,12
Peter Weir,12
Danny Boyle,12
Frank Oz,12
John Lasseter,11
Kevin Smith,11
John Stockwell,11
John Frankenheimer,11
Sam Peckinpah,11
Bobby Farrelly,11
Jim Jarmusch,11
Curtis Hanson,11
Werner Herzog,11
James Cameron,11
Mel Brooks,11
Michael Mann,11
Michael Bay,11
David Gordon Green,11
Jr.,11
Jay Roach,11
Roland Emmerich,11
Shawn Levy,11
Stuart Gillard,11
Stuart Gordon,11
Mike Newell,11
John G. Avildsen,11
Don Bluth,11
Sean McNamara,11
Roger Corman,11
Ken Loach,11
Paul Weitz,10
Steve Rash,10
John Schlesinger,10
David Fincher,10
Paul W.S. Anderson,10
Jon Turteltaub,10
Paul Hoen,10
Don Siegel,10
Roger Spottiswoode,10
Andrew Davis,10
Edward Zwick,10
Michael Caton-Jones,10
George Miller,10
Antoine Fuqua,10
Rob Cohen,10
John McTiernan,10
Harold Ramis,10
Herbert Ross,10
Robert Harmon,10
Jay Oliva,10
Paul Schrader,10
Simon Wincer,10
Lawrence Kasdan,10
Corey Yuen Kwai,10
Richard Fleischer,10
Guy Hamilton,10
Christopher Nolan,10
John Boorman,10
Mike Leigh,10
Barry Sonnenfeld,10
Mikael Salomon,10
Kenneth Branagh,10
Joe Johnston,10
Donald Petrie,10
J. Lee Thompson,10
Brian Levant,10
David O. Russell,9
Lars von Trier,9
Jonathan Lynn,9
Stanley Kubrick,9
William Lau,9
Amy Heckerling,9
David Zucker,9
Peter Segal,9
Dario Argento,9
Robert Stevenson,9
Randal Kleiser,9
M. Night Shyamalan,9
Raja Gosnell,9
Cameron Crowe,9
Billy Wilder,9
Stephen Hopkins,9
Neil LaBute,9
Bruce Beresford,9
John Singleton,9
Dwight H. Little,9
Darren Lynn Bousman,9
Richard Rich,9
Craig R. Baxley,9
Philip Kaufman,9
Charles Grosvenor,9
Gore Verbinski,9
Richard Attenborough,9
Howard Deutch,9
Martin Campbell,9
Brian Robbins,9
Roel ReinÃ©,9
Arthur Hiller,9
Lauren Montgomery,9
Taylor Hackford,9
Wolfgang Petersen,9
Peter Hewitt,9
Jonathan Demme,9
MiloÅ¡ Forman,8
Frank Coraci,8
Gary Goldman,8
Peter Berg,8
Ken Russell,8
Andrew Fleming,8
John Hughes,8
Michael Hoffman,8
Kevin Macdonald,8
Sylvester Stallone,8
Tim Story,8
Brian Trenchard-Smith,8
Fred Schepisi,8
Mick Garris,8
Harold Becker,8
Paul Thomas Anderson,8
Richard Benjamin,8
James Foley,8
Jim Abrahams,8
Kevin Reynolds,8
Christian Duguay,8
Tom Shadyac,8
Terence Fisher,8
Albert Pyun,8
Kenny Ortega,8
Ang Lee,8
Kathryn Bigelow,8
Phil Joanou,8
John Madden,8
Atom Egoyan,8
Joseph Ruben,8
Abel Ferrara,8
John Waters,8
Penelope Spheeris,8
Ken Kwapis,8
Sam Liu,8
Lloyd Kaufman,8
Todd Phillips,8
Stephen Sommers,8
Robert Vince,8
Carl Reiner,8
Robert Wise,8
Wolfgang Reitherman,8
Hal Needham,8
Aaron Seltzer,8
Lee Tamahori,8
Marc Forster,8
John Dahl,8
Jason Friedberg,8
Bernard Rose,8
Alastair Fothergill,8
Robert Redford,8
Mark Waters,8
Roland JoffÃ©,8
Adam Shankman,8
Gil Junger,8
Alex Gibney,8
James Mangold,8
Andy Tennant,8
Roger Michell,8
Guy Ritchie,8
F. Gary Gray,8
Simon West,8
Bill Condon,8
Adrian Lyne,8
James Wan,8
Lana Wachowski,7
Sam Mendes,7
Robert Lieberman,7
Lilly Wachowski,7
Andrew V. McLaglen,7
Noah Baumbach,7
Paul McGuigan,7
Rob Minkoff,7
Savage Steve Holland,7
Luc Besson,7
Bryan Singer,7
David Mamet,7
Ronald Neame,7
Jon Avnet,7
Steve Carr,7
Michael Lembeck,7
Michael Moore,7
Andrew Adamson,7
Bob Clark,7
Wim Wenders,7
Alex Zamm,7
Franco Zeffirelli,7
Ethan Coen,7
Jim Sheridan,7
David R. Ellis,7
Betty Thomas,7
Catherine Hardwicke,7
Bob Rafelson,7
Ernest R. Dickerson,7
Peter Greenaway,7
George Roy Hill,7
Jules Bass,7
Isaac Florentine,7
Ralph Bakshi,7
Don Coscarelli,7
Peter Yates,7
Alan J. Pakula,7
Paul Verhoeven,7
Iain Softley,7
Penny Marshall,7
Peter Bogdanovich,7
Ernie Barbarash,7
Keoni Waxman,7
Steven Brill,7
Michel Gondry,7
Carlos Saldanha,7
Jon Favreau,7
Wayne Wang,7
Les Mayfield,7
William Dear,7
Jane Campion,7
Patrick Lussier,7
Don Michael Paul,7
John Guillermin,7
Oliver Parker,7
Gary Fleder,7
Alfred Hitchcock,7
Robert Benton,7
Richard Lester,7
Doug Liman,7
Mira Nair,7
Bradley Raymond,7
Rob Zombie,7
Terrence Malick,7
David M. Evans,7
Barbet Schroeder,7
Martha Coolidge,7
Jeff Tremaine,7
Lewis Gilbert,7
Malcolm D. Lee,7
Stanley Donen,7
Guillermo del Toro,7
Andy Fickman,7
Errol Morris,7
Michael Lehmann,7
Adam McKay,7
Nora Ephron,7
Arthur Penn,7
"Arthur Rankin, Jr.",7
Robert Luketic,7
Brad Anderson,7
Jon M. Chu,6
Justin Lin,6
Michael Cimino,6
Peyton Reed,6
Francis Lawrence,6
Tom Hooper,6
Jaume Collet-Serra,6
Nick Park,6
Gregory Hoblit,6
Uli Edel,6
John Whitesell,6
Louis C.K.,6
Nick Cassavetes,6
Joe Berlinger,6
John Irvin,6
Richard Loncraine,6
Jason Reitman,6
Ron Clements,6
Alan Metter,6
Julian Jarrold,6
Gary Trousdale,6
Lucky McKee,6
Isabel Coixet,6
Tim Hill,6
Jeff Kanew,6
Sidney J. Furie,6
Brad Silberling,6
Bille Woodruff,6
Andrew Niccol,6
Agnieszka Holland,6
Keenen Ivory Wayans,6
Robert Iscove,6
Brad Bird,6
D.J. Caruso,6
John Milius,6
Paul Greengrass,6
Jerry Zucker,6
David Twohy,6
Olivier Assayas,6
Christopher Cain,6
Morgan Spurlock,6
Benny Chan,6
McG,6
Jonathan Liebesman,6
Rob Marshall,6
David Frankel,6
Adam Wingard,6
Charles Shyer,6
Nick Love,6
Shannon Hartman,6
Tom McLoughlin,6
Darren Aronofsky,6
Gregg Araki,6
John Musker,6
Todd Solondz,6
Zack Snyder,6
Chris Weitz,6
Michael Winner,6
David Dobkin,6
Nicholas Hytner,6
Danny DeVito,6
Ti West,6
Bille August,6
Nick Lyon,6
Louis Malle,6
Ryan Little,6
Vincenzo Natali,6
Allen Hughes,6
Eduardo SÃ¡nchez,6
Nicolas Roeg,6
Louis Leterrier,6
Tad Stones,6
Robert Aldrich,6
Alex Winter,6
Tibor TakÃ¡cs,6
David Mackenzie,6
Jon Amiel,6
Mark L. Lester,6
Burt Kennedy,6
Simon Wells,6
George Lucas,6
Ron Shelton,6
Roger Kumble,6
Craig Moss,6
Sam Weisman,6
Davis Guggenheim,6
Thomas Carter,6
Jonathan Frakes,6
Sofia Coppola,6
Bernardo Bertolucci,6
Chuck Russell,6
John Ford,6
Ron Underwood,6
George Tillman,6
Eli Roth,6
Alexander Payne,6
Jonathan Kaplan,6
Joe Wright,6
Peter Howitt,6
Steve Barron,6
Mark Rosman,6
Baltasar KormÃ¡kur,6
Nancy Meyers,6
Todd Haynes,6
Christopher Smith,6
James Ivory,6
Kyle Balda,6
John Woo,6
Ben Wheatley,6
Walt Becker,5
Steve Martino,5
Mary Lambert,5
Kevin Lima,5
Matthew Vaughn,5
Tom McCarthy,5
Joss Whedon,5
Jan de Bont,5
Terry Jones,5
Victor Cook,5
Frank Darabont,5
Nigel Cole,5
Mick Jackson,5
Tarsem Singh,5
David Koepp,5
Nicholas Meyer,5
Lewis Teague,5
Paul Feig,5
Jonathan Levine,5
James McTeigue,5
Stanley Kramer,5
Judd Apatow,5
Gavin Hood,5
Brian Helgeland,5
John Erick Dowdle,5
Hugh Wilson,5
Luis Mandoki,5
Rod Daniel,5
Brett Leonard,5
Stan Dragoti,5
Stewart Raffill,5
Peter Markle,5
Nick Willing,5
Norman Tokar,5
Geoffrey Sax,5
Irwin Winkler,5
Scott Hicks,5
Gabriele Muccino,5
Mark Neveldine,5
Jeremiah S. Chechik,5
Steve Purcell,5
Peter Chelsom,5
James Gray,5
Steven R. Monroe,5
Julien Temple,5
John Hough,5
Alfonso CuarÃ³n,5
Scott Derrickson,5
"Declan O""Brien",5
John Flynn,5
George T. Miller,5
George Gallo,5
Tom Vaughan,5
Craig Pryce,5
Andrzej Bartkowiak,5
Hal Ashby,5
Michael Crichton,5
Russ Meyer,5
Mike Thurmeier,5
Rod Lurie,5
Jay Chandrasekhar,5
Charles Martin Smith,5
Marcus Nispel,5
Martin Ritt,5
Paul Haggis,5
John Glen,5
George P. Cosmatos,5
Stevie Wermers,5
Larry Clark,5
Patrice Leconte,5
John Duigan,5
Edgar Wright,5
Mike Mitchell,5
Anne Fletcher,5
David Carson,5
Costa-Gavras,5
Harald Zwart,5
Michael Radford,5
John Cassavetes,5
David Yates,5
Phil Alden Robinson,5
Michael Polish,5
Victor Salva,5
Richard Franklin,5
Aaron Norris,5
Shari Springer Berman,5
Greg Beeman,5
Joe Carnahan,5
Reginald Hudlin,5
Seth Gordon,5
Geoff Murphy,5
Daniel Petrie,5
David S. Ward,5
Manny Rodriguez,5
Roberts Gannaway,5
Jeannot Szwarc,5
Eric Darnell,5
John Sturges,5
Bill Melendez,5
Bobcat Goldthwait,5
Rowdy Herrington,5
Nick Hurran,5
Adam Green,5
Alex Kendrick,5
Mike Figgis,5
Christopher Guest,5
Martin Brest,5
Dominic Sena,5
NimrÃ³d Antal,5
Robert Pulcini,5
Gregor Jordan,5
John Herzfeld,5
Mike Binder,5
Ken Annakin,5
Neil Marshall,5
Jack Sholder,5
Curt Geda,5
Brian Yuzna,5
Steve Boyum,5
James L. Brooks,5
Mikael HÃ¥fstrÃ¶m,5
Don E. FauntLeRoy,5
Dito Montiel,5
P.J. Hogan,5
Spike Jonze,5
Anthony C. Ferrante,5
Andrei Konchalovsky,5
Mark Steven Johnson,5
Owen Hurley,5
John Moore,5
Baz Luhrmann,5
Jean-Jacques Annaud,5
Ben Stiller,5
Tamra Davis,5
Stephen Daldry,5
Steven C. Miller,5
Boaz Yakin,5
Franklin J. Schaffner,5
Jake Kasdan,5
Michelangelo Antonioni,5
Sheldon Lettich,5
Allan Arkush,5
Joseph Zito,5
Mark A.Z. DippÃ©,5
John Gulager,5
David Wain,5
David Ayer,5
Griffin Dunne,5
Tim Johnson,5
Michael Keusch,5
J.J. Abrams,5
Alejandro GonzÃ¡lez IÃ±Ã¡rritu,5
Robert Schwentke,5
John Crowley,4
Anthony Minghella,4
Bryan Spicer,4
Rick Rosenthal,4
Mark Robson,4
Q. Allan Brocka,4
Richard Stanley,4
Rodrigo GarcÃ­a,4
Ralph Nelson,4
Jack Hill,4
Patricia Riggen,4
Craig Shapiro,4
Jen Soska,4
Sylvia Soska,4
Carroll Ballard,4
Gordon Chan,4
Larry Charles,4
Mark Herman,4
James Bridges,4
Sam Dunn,4
Arlene Sanford,4
Kirk Jones,4
FranÃ§ois Ozon,4
Vicky Jenson,4
Nick Broomfield,4
Jay Russell,4
Tommy Lee Wallace,4
Bruce Sinofsky,4
Howard Hawks,4
Joe Chappelle,4
Steve Oedekerk,4
John Curran,4
Mary Harron,4
Xavier Gens,4
Jay Karas,4
Anton Corbijn,4
Karyn Kusama,4
Brian Henson,4
John Pasquin,4
Richard Eyre,4
Mark Rydell,4
Neil Burger,4
James Gunn,4
Roy Ward Baker,4
Irvin Kershner,4
Anthony Hickox,4
Tom Holland,4
Mel Gibson,4
Spike Brandt,4
Carl Franklin,4
Sheldon Wilson,4
Paul Michael Glaser,4
Jason Eisener,4
Mark Pellington,4
Ted Demme,4
Damon Santostefano,4
Mike Disa,4
Andrew Bergman,4
Dennis Hopper,4
Peter MacDonald,4
Shinji Aramaki,4
Douglas McGrath,4
Joe Nussbaum,4
Michael Dowse,4
Howard Zieff,4
Shinichiro Watanabe,4
Michael Anderson,4
Bruce Robinson,4
P.J. Pesce,4
Stephan Elliott,4
Kenneth Johnson,4
Jamie Babbit,4
Mike Hodges,4
Tommy Chong,4
Joseph Sargent,4
James Marsh,4
Dean DeBlois,4
Phil Lord,4
Jack Gold,4
Rachel Goldenberg,4
Amy Berg,4
Nicolas Winding Refn,4
Matt Reeves,4
Joel Gallen,4
Mark Atkins,4
Steve Pink,4
Len Wiseman,4
Kevin Greutert,4
Anthony DiBlasi,4
John R. Cherry III,4
Sanaa Hamri,4
Julie Taymor,4
Duwayne Dunham,4
Raman Hui,4
John Lee Hancock,4
Louis Morneau,4
Kari Skogland,4
Don Taylor,4
Jim Henson,4
Marc Lawrence,4
Richard LaGravenese,4
Lisa Cholodenko,4
Shane Meadows,4
Carlo Verdone,4
Mike Mendez,4
Julian Gilbey,4
Brian Gibson,4
Lee Unkrich,4
Chris Renaud,4
Luke Greenfield,4
Simon J. Smith,4
Philip Martin,4
Nicholas Stoller,4
Daniel Barnz,4
Steve Loter,4
Kevin Connor,4
Freddie Francis,4
Robert Mulligan,4
Christopher Miller,4
Tom Dey,4
Nicole Holofcener,4
Jim Stenstrum,4
Alex Proyas,4
Gary Winick,4
Lee Daniels,4
Mario Van Peebles,4
VÃ­ctor GarcÃ­a,4
Peter Chung,4
Henry Selick,4
Brian Taylor,4
Warren Beatty,4
Clive Donner,4
Stuart Rosenberg,4
Robert Clouse,4
Samuel Fuller,4
Lynn Shelton,4
George Clooney,4
Jean-Marc VallÃ©e,4
Will Gluck,4
Don Roos,4
Marty Callner,4
Kevin Deters,4
James Wong,4
Julie Delpy,4
Chris Rock,4
Jared Cohn,4
Alexandre Aja,4
William Kaufman,4
Adam Gierasch,4
David Bowers,4
Shekhar Kapur,4
Brian Gilbert,4
Joe Swanberg,4
Christopher Ray,4
Tom McGrath,4
Ben Stassen,4
Tony Goldwyn,4
Albert Hughes,4
Bill Duke,4
Tsui Hark,4
Randall Wallace,4
Tom Tykwer,4
Joe Roth,4
Frank Henenlotter,4
John Putch,4
David Lean,4
Thom Eberhardt,4
Nick Castle,4
Ethan Spaulding,4
Kevin Hooks,4
Michael J. Bassett,4
Greg Richardson,4
Gurinder Chadha,4
Chris Fisher,4
Peter Medak,4
Paul Andrew Williams,4
Emile Ardolino,4
Liz Garbus,4
Yves Simoneau,4
Ted Kotcheff,4
Sebastian Gutierrez,4
Kelly Reichardt,4
Robert Townsend,4
Jonas Ã…kerlund,4
Jared Hess,4
Craig Gillespie,4
Miguel Arteta,4
Jonathan Mostow,4
Mimi Leder,4
"Pat O""Connor",4
Jamie Blanks,4
Jim Mickle,4
John McNaughton,4
Terry Zwigoff,4
Ringo Lam,4
Ellory Elkayem,4
Wayne Kramer,4
Greg Mottola,4
Mike Judge,4
Anand Tucker,4
Ching Siu-Tung,4
Roger Allers,4
Pete Docter,4
Olivier Megaton,4
Rick Famuyiwa,4
Chris Buck,4
Sean Anders,4
Daisy von Scherler Mayer,4
Anne K. Black,4
George Pollock,4
Otto Preminger,4
Brian A Miller,4
Henry Hathaway,4
Terence Young,4
Pierre Morel,4
Joe Lynch,4
Breck Eisner,4
Neill Blomkamp,4
Andrew Stanton,4
Gordon Hessler,4
Rob Letterman,4
Josef Rusnak,4
Ãlex de la Iglesia,4
Dean Parisot,4
Trey Parker,4
Denis Villeneuve,3
Fernando Trueba,3
Tim McCanlies,3
Jake West,3
Jeff Wadlow,3
John Kent Harrison,3
Larry Cohen,3
Matthew Robbins,3
Albert Dupontel,3
Jack Perez,3
James Cox,3
Bruce Timm,3
Guy Ferland,3
Damian Lee,3
Billy Ray,3
Ã‰tienne Chatiliez,3
Blair Treu,3
Ian Fitzgibbon,3
Joseph J. Lawson,3
Steve Hickner,3
JÃ©rÃ´me Salle,3
Tom Brady,3
Troy Miller,3
David Jacobson,3
Godfrey Reggio,3
Matthew Bright,3
J.S. Cardone,3
Po-Chih Leong,3
Niki Caro,3
David Gelb,3
Patricia Rozema,3
Kat Coiro,3
Douglas Aarniokoski,3
J.C. Calciano,3
SebastiÃ¡n Silva,3
Adam Curtis,3
Franc Roddam,3
Michael Simon,3
Tony Gilroy,3
John Schultz,3
Robert Butler,3
Oren Moverman,3
Nacho Vigalondo,3
Tony Craig,3
"Tommy O""Haver",3
Nick Hamm,3
Dennie Gordon,3
Byron Howard,3
Daniel Farrands,3
Tom Hanks,3
Joshua Michael Stern,3
Clare Kilner,3
Nelson McCormick,3
Thor Freudenthal,3
Giorgio Serafini,3
Taika Waititi,3
Richard Shepard,3
Tommy Lee Jones,3
Brett Simmons,3
Rachid Bouchareb,3
Mike Clattenburg,3
Rob Bowman,3
Phil Weinstein,3
Charles BinamÃ©,3
John Maybury,3
Dave Payne,3
Lukas Moodysson,3
Jason Connery,3
Danny Leiner,3
Jonathan Glazer,3
Ben Garant,3
Greg McLean,3
James Franco,3
Susan Seidelman,3
Todd Holland,3
Jim Strouse,3
Roger Young,3
"Matthew O""Callaghan",3
Rian Johnson,3
Marcos Siega,3
"Gavin O""Connor",3
Jennifer Chambers Lynch,3
Michael Gottlieb,3
Hugh Hudson,3
Sergio Leone,3
Leonard Nimoy,3
Michael Herz,3
Jimmy T. Murakami,3
William Lustig,3
Steve Buscemi,3
Didier Bourdon,3
Kasi Lemmons,3
Michael Cuesta,3
Lone Scherfig,3
Zalman King,3
Bertrand Tavernier,3
Jack Clayton,3
Clive Barker,3
Karan Johar,3
Scott Stewart,3
Jim McBride,3
Barbra Streisand,3
John Hyams,3
Tim Blake Nelson,3
Jean-Pierre Dardenne,3
Luc Dardenne,3
James Bobin,3
Mark Dindal,3
Peter DeLuise,3
Ben Affleck,3
David Slade,3
Sylvain White,3
James Isaac,3
Jimmy Hayward,3
Willard Huyck,3
Paddy Breathnach,3
Peter Werner,3
Randall Miller,3
Philip G. Atwell,3
Jean-Pierre Jeunet,3
George Armitage,3
Noel Clarke,3
Nisha Ganatra,3
John R. Leonetti,3
Bennett Miller,3
Shana Feste,3
Courtney Solomon,3
Bruno Barreto,3
Gene Wilder,3
Stephen Reynolds,3
David Hare,3
FranÃ§ois Girard,3
Susanne Bier,3
Peggy Holmes,3
Gary Nelson,3
Jeffrey Hornaday,3
Rhys Thomas,3
Buddy Van Horn,3
Fernando Meirelles,3
Giuseppe Tornatore,3
Steve McQueen,3
Kevin Tancharoen,3
Anthony Waller,3
Oliver Hirschbiegel,3
Stewart Hendler,3
Nathan Greno,3
Rocco Urbisci,3
Darrell Rooney,3
Kirk Wise,3
Samuel Tourneux,3
BjÃ¶rn Stein,3
MÃ¥ns MÃ¥rlind,3
Susanna White,3
Morgan Neville,3
Richard Curtis,3
David S. Goyer,3
Scott Jeralds,3
Ned Benson,3
Michael Landon,3
Jon Knautz,3
Claudio FÃ¤h,3
J.B. Rogers,3
Steven Quale,3
J.C. Chandor,3
Mike Cahill,3
Michael Spierig,3
Peter Spierig,3
Sam Fell,3
Chris Sanders,3
Sean Penn,3
Joaquim Dos Santos,3
Quentin Dupieux,3
Jessy Terrero,3
John Cameron Mitchell,3
Joseph L. Mankiewicz,3
Bob Fosse,3
Bruce McDonald,3
Sam Firstenberg,3
Bart Freundlich,3
Richard Kelly,3
John Hillcoat,3
Conrad Vernon,3
Andrea Arnold,3
Francis Veber,3
Mahiro Maeda,3
Jon Jones,3
Emilio Estevez,3
Butch Lukic,3
Robert Mandel,3
David Seltzer,3
Gary Sherman,3
Christian Alvart,3
Todd Graff,3
Burr Steers,3
J.T. Petty,3
David Soren,3
Michael McGowan,3
Rob Gibbs,3
Peter Joseph,3
Elliot Silverstein,3
Sarah Polley,3
Sally Potter,3
Kevin Costner,3
Ira Sachs,3
Max Giwa,3
Dania Pasquini,3
Takashi Shimizu,3
Mark Hartley,3
Terry George,3
Gina Prince-Bythewood,3
David Silverman,3
Sharon Maguire,3
Abbas Kiarostami,3
Mark Linfield,3
Fred Wolf,3
Menahem Golan,3
Fraser Clarke Heston,3
Jim Kammerud,3
Jesse Dylan,3
Petter NÃ¦ss,3
Gary Hustwit,3
Shane Van Dyke,3
Scot McFadyen,3
Guy Maddin,3
Rodney Ascher,3
Joseph Kahn,3
Kevin Tenney,3
Charles Stone III,3
John Carl Buechler,3
Fred Dekker,3
Elizabeth Allen Rosenbaum,3
John Lyde,3
Terence Davies,3
Brett Sullivan,3
Michael Damian,3
Tony Richardson,3
Tom Six,3
Aaron Moorhead,3
Justin Benson,3
David Bruckner,3
Matt Bettinelli-Olpin,3
Tyler Gillett,3
Ruben Fleischer,3
Jim Fall,3
Michael Vejar,3
Alan Rudolph,3
Jeff Pollack,3
Michael Cristofer,3
Paul Weiland,3
Lynne Ramsay,3
Eduardo RodrÃ­guez,3
Marcel Sarmiento,3
Whit Stillman,3
Jim Wynorski,3
Rupert Wyatt,3
Sergio Mimica-Gezzan,3
Billy Bob Thornton,3
Charles Sturridge,3
Angus MacLane,3
Martin McDonagh,3
Lisa Azuelos,3
Tom DiCillo,3
Jeff King,3
Marc Webb,3
Frank Miller,3
Patrick Hughes,3
Rodman Flender,3
Kirby Dick,3
Gabriel Cowan,3
John Lafia,3
Robert Towne,3
Wong Kar-wai,3
Forest Whitaker,3
E. Elias Merhige,3
Don Chaffey,3
Vincent McEveety,3
Gary Ross,3
Andrew Dominik,3
Laurent Tirard,3
Peter Hedges,3
Asif Kapadia,3
Ryan Fleck,3
Angelina Jolie,3
Andrew Erwin,3
Jon Erwin,3
Jon Wright,3
John Henderson,3
Henry Joost,3
Ariel Schulman,3
Fred Zinnemann,3
Paul Dugdale,3
Steve Wang,3
Karen Moncrieff,3
Doug Lefler,3
Jeff Burr,3
Alek Keshishian,3
Andrew Lau,3
Ryan Murphy,3
Barry Cook,3
Craig Brewer,3
Jodie Foster,3
Mark Mylod,3
Kurt Engfehr,3
David Dhawan,3
Kelly Asbury,3
Terry Klassen,3
Andrew Traucki,3
Gary Rydstrom,3
Kaare Andrews,3
Richard Schenkman,3
William Brent Bell,3
Peter Webber,3
Walter Salles,3
Karen Disher,3
Colin Higgins,3
Jamie Uys,3
Stan Lathan,3
Darrell James Roodt,3
Michael Rymer,3
Simon Rumley,3
Graham Baker,3
George Hickenlooper,3
Joe Sichta,3
Richard Marquand,3
Joe Russo,3
Anthony Russo,3
Robert Fuest,3
Irwin Allen,3
John Harrison,3
Gillian Armstrong,3
Steven Zaillian,3
Frank Marshall,3
Christophe Gans,3
Simon Fellows,3
Danny Cannon,3
Tony Giglio,3
Frederik Du Chau,3
Kevin Rodney Sullivan,3
Rob Epstein,3
Justin Chadwick,3
David Nutter,3
Eugene Jarecki,3
Catherine Cyran,3
Michael Almereyda,3
Michael Blieden,3
Andrew Jarecki,3
Jeff Nichols,3
Albert Maysles,3
Roy Allen Smith,3
Stephen Norrington,3
Luis Llosa,3
Mike Barker,3
David Hugh Jones,3
Charles T. Kanganis,3
Gilles Paquet-Brenner,3
Rupert Wainwright,3
Adam Rifkin,3
Michael Oblowitz,3
William Malone,3
Scott Spiegel,3
John Wells,3
Mel Damski,3
FÃ©lix EnrÃ­quez AlcalÃ¡,3
John Fawcett,3
Marco Brambilla,3
Robert Hall,3
Jonathan English,3
Ronny Yu,3
Christopher B. Landon,3
Scott Cooper,3
Alejandro AmenÃ¡bar,3
William Wyler,3
Ted Post,3
Jack Smight,3
Gene Saks,3
Kelly Makin,3
Chris Wedge,3
Rick Bota,3
Scott McGehee,3
Lev L. Spiro,3
Roman Coppola,3
Frank Pierson,3
Francine McDougall,3
Stacy Peralta,3
Derick Martini,3
Don Hertzfeldt,3
Gregory Jacobs,3
Jack Nicholson,3
Jessie Nelson,3
Jocelyn Moorhouse,3
Monte Hellman,3
Bharat Nalluri,3
Stuart Baird,3
Jim Gillespie,3
Lenny Abrahamson,3
Richard Brooks,3
Lee Toland Krieger,3
Tony Bill,3
Jean-Paul SalomÃ©,3
Thomas Vinterberg,3
James Ponsoldt,3
Brandon Vietti,3
John Requa,3
Pierre Coffin,3
Christopher McQuarrie,3
Seth MacFarlane,3
Brad Peyton,3
Jerry Lewis,3
Gil Kenan,3
Drake Doremus,3
Eric Bross,3
Wong Jing,3
Kimberly Peirce,3
Daniel Myrick,3
Toby Shelton,3
Peter Sasdy,3
Simon Curtis,3
Glenn Ficarra,3
Robert Parrish,2
Jake Schreier,2
Elizabeth Banks,2
Peter Sohn,2
William Castle,2
James Fargo,2
Norman Taurog,2
Val Guest,2
Anthony Mann,2
David Kellogg,2
Gary Sinyor,2
Scott Mann,2
Michael Dougherty,2
Jennifer Lee,2
Mark Osborne,2
Ciaran Foy,2
Jerry Schatzberg,2
Nick Morris,2
Trey Stokes,2
Manuel Carballo,2
Paul Brizzi,2
Hendel Butoy,2
Francis Glebas,2
Eric Goldberg,2
Bronwen Hughes,2
James Toback,2
Pixote Hunt,2
Michael Lachmann,2
Carl Bessai,2
Lucy Walker,2
Mark Quod,2
Jason Woliner,2
Peter Mullan,2
Fernando LeÃ³n de Aranoa,2
Orson Welles,2
Lewis Milestone,2
David Maysles,2
Dan Curtis,2
Paul Bartel,2
Bryan Forbes,2
Alejandro Monteverde,2
Bill Corcoran,2
Menno Meyjes,2
John Polson,2
Kevin Bray,2
Maggie Greenwald,2
Liliana Cavani,2
Stephen Gaghan,2
Marcus Adams,2
Jordan Vogt-Roberts,2
Nicholas Mross,2
Ning Hao,2
Jamin Winans,2
Scott Kalvert,2
Fumihiko Sori,2
Fabien Onteniente,2
Jeffrey Blitz,2
Antonio Negret,2
Prachya Pinkaew,2
Robert Dornhelm,2
Tom Savini,2
Mo Ali,2
J.C. Khoury,2
Robert Kenner,2
Gabe Turner,2
Kurt Wimmer,2
Leslie Small,2
Julian Farino,2
Fatih Akin,2
Seth Grossman,2
Joshua Zeman,2
Ruairi Robinson,2
Stephen Kay,2
Gregg Champion,2
Deran Sarafian,2
Hal Hartley,2
Richard Rush,2
Richard Bates Jr.,2
Deon Taylor,2
Martin Weisz,2
Alex Ranarivelo,2
PaweÅ‚ Pawlikowski,2
Paolo Sorrentino,2
Mauro Lima,2
CÃ©dric Kahn,2
George Huang,2
Alain BerbÃ©rian,2
Allan A. Goldstein,2
Roberto Benigni,2
Chris Crow,2
ValÃ©rie Donzelli,2
George Ratliff,2
Leigh Scott,2
Miranda July,2
Mike Flanagan,2
Tony Krantz,2
Dexter Fletcher,2
Denzel Washington,2
Mort Nathan,2
Simon Cellan Jones,2
Kevin Carraway,2
Christian E. Christiansen,2
Tim Sullivan,2
Jonathan Teplitzky,2
William Shatner,2
Jonathan Newman,2
Ralph Fiennes,2
Juan Carlos Fresnadillo,2
Fabrice Du Welz,2
Daniel Barber,2
Hart Bochner,2
Yuen Woo-Ping,2
Harley Cokeliss,2
Melanie Mayron,2
Rob Hedden,2
Michael Pavone,2
Kjell Sundvall,2
Zal Batmanglij,2
Nick Murphy,2
Tony Kaye,2
John Bonito,2
Jonathan Hensleigh,2
Terry Miles,2
Thomas Bezucha,2
Griff Furst,2
Matthew Parkhill,2
Salim Akil,2
Chris Kentis,2
Kurt Mattila,2
Carol Morley,2
James Yukich,2
Sebastian Junger,2
"Dinesh D""Souza",2
John Sullivan,2
Kenneth Lonergan,2
Alan Brown,2
Leythum,2
Chris Miller,2
Brad Furman,2
Stefan Ruzowitzky,2
"Louis D""Esposito",2
Sergio Castellitto,2
Philipp StÃ¶lzl,2
Valerie Faris,2
Jonathan Dayton,2
Krishna D.K.,2
Raj Nidimoru,2
Chris Carter,2
Jesse Peretz,2
Nicole Kassell,2
Ron Fricke,2
Gonzalo LÃ³pez-Gallego,2
Chris Gorak,2
Peter Cornwell,2
AdriÃ¡n GarcÃ­a Bogliano,2
Bryan Bertino,2
Wych Kaosayananda,2
Steve James,2
David Schwimmer,2
David Gregory,2
Shaad Ali,2
Josh Becker,2
Stephen Chow,2
Bill L. Norton,2
Christopher Menaul,2
Todd Wilderman,2
Leo Riley,2
Christopher Denham,2
Brian Knappenberger,2
Gerry Lively,2
Dominic Burns,2
Megan Griffiths,2
Steve Barker,2
Gregg Bishop,2
Todd Lincoln,2
Chris Nelson,2
Richard Gray,2
Claude Miller,2
James Nunn,2
Ulrich Seidl,2
Brian Dannelly,2
Luis Prieto,2
Michele Placido,2
Jacob Aaron Estes,2
Kyung Ho Lee,2
Mark Andrews,2
Brenda Chapman,2
Chris Sun,2
Moustapha Akkad,2
John Lounsbery,2
Art Stevens,2
Don McKellar,2
Deepa Mehta,2
Ol Parker,2
Franck Khalfoun,2
Ole Bornedal,2
Peter Lord,2
"Morgan O""Neill",2
Jon Kasdan,2
Timo Vuorensola,2
Akiva Schaffer,2
Michael Chang,2
Menhaj Huda,2
David Hewlett,2
Leon Gast,2
Colin Minihan,2
Glenn Miller,2
Ruba Nadda,2
Marvin Kren,2
Ryan Polito,2
Pat Holden,2
David Petrarca,2
Mat Whitecross,2
Andrew Currie,2
Matthew Akers,2
Hany Abu-Assad,2
Thunder Levin,2
Sacha Gervasi,2
Shawn Christensen,2
Lloyd Kramer,2
Will Lovelace,2
Dylan Southern,2
Dan Rosen,2
Cesc Gay,2
Vic Sarin,2
Helen Hunt,2
Shane Acker,2
Bert I. Gordon,2
William Girdler,2
Ken Wiederhorn,2
Donald Cammell,2
Steve Hoefer,2
Emir Kusturica,2
Keith Scholey,2
Daniel Stamm,2
Aziz Mirza,2
Tim Fywell,2
Eric Till,2
Norton Virgien,2
Ron Krauss,2
Michael Haneke,2
Duncan Jones,2
Harvey Glazer,2
Ricky Gervais,2
Klay Hall,2
Rajkumar Hirani,2
Erik Matti,2
Kristina Buozyte,2
Larry Fessenden,2
Andrew R. Jones,2
Brian Smith,2
Clark Johnson,2
Jake Paltrow,2
Jayson Thiessen,2
Scott Wheeler,2
Phil Traill,2
Jaco Van Dormael,2
Steven Kostanski,2
Alejandro BruguÃ©s,2
E.L. Katz,2
Jerome Sable,2
Vadim Perelman,2
David McNally,2
Tim Maltby,2
Yoshiaki Kawajiri,2
George C. Wolfe,2
Rod Hardy,2
Vondie Curtis-Hall,2
Robert Kurtzman,2
Jan Pinkava,2
Gregory Nava,2
Jan Kounen,2
Mel Smith,2
Jean Becker,2
James Colquhoun,2
Robert GuÃ©diguian,2
Frank Paur,2
Michael Tiddes,2
Nick Gomez,2
Stephen Merchant,2
Guy Jenkin,2
Mitchell Altieri,2
Gil Cates Jr.,2
Steven Sheil,2
Chris Bell,2
Kurt Kuenne,2
Pitof,2
Mark Tonderai,2
Andy Muschietti,2
Glen Morgan,2
Jean-Baptiste Andrea,2
Chris Koch,2
Ronald F. Maxwell,2
Fenton Bailey,2
Randy Barbato,2
John Hamburg,2
Phil Flores,2
Rawson Marshall Thurber,2
Andy Cadiff,2
Rob Sitch,2
Kevin Allen,2
Bernard Campan,2
Harmony Korine,2
Thomas Gilou,2
Sam Pillsbury,2
Takeshi Koike,2
Ami Canaan Mann,2
John Suits,2
Don Mancini,2
Rusty Cundieff,2
John Carney,2
Shane Black,2
Dan Scanlon,2
Damian Harris,2
Antonio Campos,2
Austin Chick,2
Mike Nawrocki,2
Dana Lustig,2
Jonas Pate,2
Brian Koppelman,2
David Levien,2
Edward James Olmos,2
Adam Elliot,2
Troy Duffy,2
Jeremy Lovering,2
Vincent Garenq,2
Bruce LaBruce,2
Christophe Barratier,2
Adrian Vitoria,2
Richard Ayoade,2
Zach Braff,2
Jeremy Saulnier,2
Ralph Ziman,2
Shane Carruth,2
Jeff Bleckner,2
Arnaud Desplechin,2
Eric Radomski,2
Robby Henson,2
Darren Grant,2
Todd Stephens,2
Anthony Leondis,2
Conrad Helten,2
Steve Shill,2
Malcolm Venville,2
Gareth Evans,2
Michael Sucsy,2
Jody Hill,2
Sean Ellis,2
Anne Fontaine,2
Glenn McQuaid,2
Marco Kreuzpaintner,2
Joel Hopkins,2
Robert B. Weide,2
David Hogan,2
Robert Young,2
Tom Green,2
Robert Connolly,2
Max Mayer,2
Marcus Dunstan,2
SÃ¶nke Wortmann,2
Olatunde Osunsanmi,2
Richard Glatzer,2
Wash Westmoreland,2
David MichÃ´d,2
Ray Burdis,2
Scott Wiper,2
Bonnie Hunt,2
Eric England,2
Scott Coffey,2
Shamim Sarif,2
CÃ©dric Klapisch,2
Tom Shankland,2
RyÃ»hei Kitamura,2
Max Lang,2
Fuminori Kizaki,2
Brad Turner,2
Stuart Beattie,2
Tate Taylor,2
Dominic Polcino,2
Dennis Iliadis,2
Yoshihiro Nishimura,2
Mark Levin,2
AgnÃ¨s Merlet,2
James Dodson,2
Daniel Lee,2
Chris Sivertson,2
Timo Tjahjanto,2
Carlo Carlei,2
John Turturro,2
Phil Morrison,2
Steven Knight,2
John Michael McDonagh,2
John Pogue,2
Scott Waugh,2
Rowan Joffe,2
Xavier Dolan,2
Ted Berman,2
Dibakar Banerjee,2
Andrew Douglas,2
Sara Sugarman,2
John Gray,2
Joel Soisson,2
Kirk De Micco,2
Callie Khouri,2
Dennis Lee,2
Dwayne Carey-Hill,2
Seth Green,2
Vadim Jean,2
Tomm Moore,2
Francesca Gregorini,2
Alex De Rakoff,2
Peter Ramsey,2
Jacob Tierney,2
David E. Talbert,2
Darnell Martin,2
Nick Everhart,2
Clark Gregg,2
Arie Posin,2
Sturla Gunnarsson,2
Dan St. Pierre,2
Todd Robinson,2
Rakesh Roshan,2
Ross Katz,2
Steven E. Gordon,2
Boyd Kirkland,2
Vic Armstrong,2
William Eubank,2
Yann Demange,2
Anthony Stacchi,2
Danny Steinmann,2
Noam Murro,2
Scott Frank,2
David Robert Mitchell,2
Danny Pang,2
Yann Samuell,2
James Watkins,2
Ed Harris,2
MichaÃ«l R. Roskam,2
JosÃ© Padilha,2
Josh Boone,2
James DeMonaco,2
Eric Red,2
Christine Jeffs,2
Matthew Diamond,2
Ari Folman,2
Joachim RÃ¸nning,2
Espen Sandberg,2
Peter Cattaneo,2
Jay Lee,2
AgnÃ¨s Jaoui,2
Peter Winther,2
David DeCoteau,2
Saul Dibb,2
Rebecca Miller,2
Karey Kirkpatrick,2
Sandy Collora,2
Greg Marcks,2
Philippe Mora,2
Kevin Sullivan,2
James Glickenhaus,2
Hector Babenco,2
Rafal Zielinski,2
Volker SchlÃ¶ndorff,2
"Dan O""Bannon",2
Jerry Paris,2
Ric Roman Waugh,2
Pete Travis,2
Mathieu Kassovitz,2
Jon Hurwitz,2
Hayden Schlossberg,2
Don Hall,2
Maclain Nelson,2
James Kondelik,2
Scott Hillenbrand,2
Michael Scott,2
"Lisa Barros D""Sa",2
Glenn Leyburn,2
Paolo Barzman,2
Barnaby Thompson,2
John Patrick Shanley,2
Nick Moore,2
Erik Van Looy,2
Evan Goldberg,2
Seth Rogen,2
Gareth Edwards,2
GÃ¡bor CsupÃ³,2
Oxide Pang Chun,2
Coky Giedroyc,2
David Hillenbrand,2
Stuart Orme,2
Abbas Alibhai Burmawalla,2
Tony Cervone,2
Chris Noonan,2
Robert De Niro,2
Dick Sebast,2
Robert Greenwald,2
Christian Faure,2
Lexi Alexander,2
Mark Baldo,2
Florian Baxmeyer,2
Howard Hall,2
"Thaddeus O""Sullivan",2
Mastan Alibhai Burmawalla,2
Maurice Devereaux,2
Phyllida Lloyd,2
Ben Younger,2
Saul Blinkoff,2
Elliot M. Bour,2
Michael Schultz,2
GÃ©rard Jugnot,2
Chris Williams,2
Morten Tyldum,2
Timur Bekmambetov,2
Jean Duval,2
Frank Passingham,2
Lajos Koltai,2
Lance Mungia,2
Frank Nissen,2
Angela Robinson,2
Lance Hool,2
Garth Jennings,2
Michael Feifer,2
Jennifer Siebel Newsom,2
Katja von Garnier,2
Kevin Spacey,2
Tim Hunter,2
Michael Herbig,2
Catherine Breillat,2
S. S. Wilson,2
Todd Louiso,2
Philip Ridley,2
Giovanni Veronesi,2
Benny Boom,2
Andrew Morahan,2
Craig Viveiros,2
Stevan Riley,2
Israel Luna,2
Dave Borthwick,2
William R. Kowalchuk Jr.,2
James Hayman,2
David Siegel,2
Peter Avanzino,2
Eric Toledano,2
Olivier Nakache,2
Morgan J. Freeman,2
Isabelle Mergault,2
Jane Anderson,2
James Huth,2
Bruce Campbell,2
Doug Campbell,2
Billy Corben,2
Coline Serreau,2
Ivan Passer,2
Bruce Hendricks,2
Jake Goldberger,2
Douglas Trumbull,2
Jeff Lieberman,2
Vincent Gallo,2
James Sbardellati,2
Kristin Hanggi,2
Jorge Michel Grau,2
Harry Elfont,2
Deborah Kaplan,2
Billy Crystal,2
Dick Lowry,2
David L. Cunningham,2
Mike Tollin,2
FranÃ§ois Alaux,2
HervÃ© de CrÃ©cy,2
Jonathan Wright,2
Toby Wilkins,2
Nicholaus Goossen,2
James Strong,2
Manny Coto,2
Charles Herman-Wurmfeld,2
Philippe Harel,2
Caroline Thompson,2
Beeban Kidron,2
Bibo Bergeron,2
Rolf de Heer,2
Andy Cheng,2
Michael Mayer,2
Bob Odenkirk,2
Bob Balaban,2
Andrew Droz Palermo,2
Stephen Surjik,2
Patrick Archibald,2
Michael Davis,2
Eric Karson,2
Bruce A. Evans,2
Buzz Kulik,2
William Peter Blatty,2
John Mackenzie,2
Erik SkjoldbjÃ¦rg,2
Todd Field,2
Chris Angel,2
John Moffitt,2
Jon Schnepp,2
Aki KaurismÃ¤ki,2
Aleksey Balabanov,2
Tamara Jenkins,2
Andrew Bujalski,2
Sean Baker,2
Hannah Fidell,2
Levan Bakhia,2
Chris Smith,2
Martha Holmes,2
Dylan Avery,2
Sandra Goldbacher,2
David Sington,2
Sean S. Cunningham,2
Sidney Poitier,2
Nancy Savoca,2
Nathan Frankowski,2
Valeri Milev,2
Patrick Brice,2
Zackary Adler,2
Alex Cox,2
Neal Israel,2
Dan Bush,2
Alex Ross Perry,2
Sean Garrity,2
Ron Oliver,2
Jake Szymanski,2
Jerry Jameson,2
Jamie Mitchell,2
Conor McMahon,2
Kyle Rankin,2
Mark Neale,2
Claudio Fragasso,2
Albert Magnoli,2
Charles Band,2
Paul Mazursky,2
Shane Abbess,2
Joseph Kosinski,2
Don Hahn,2
Carlo Vanzina,2
David Mirkin,2
David Leland,2
Steve Beck,2
Bill Paxton,2
Chuck Jones,2
Delbert Mann,2
Alan Clarke,2
Fred Walton,2
David Schmoeller,2
Adam Brooks,2
Chad Archibald,2
Jeremy Sims,2
Colin Strause,2
Greg Strause,2
Matthew Leutwyler,2
Oren Peli,2
Kevin Goetz,2
Michael Goetz,2
Peter R. Hunt,2
Karel Reisz,2
Michael Chapman,2
Charles Ferguson,2
Michael Patrick King,2
Derek Cianfrance,2
Josh Gordon,2
Will Speck,2
Allen Coulter,2
Ben Ketai,2
Rachel Talalay,2
Tim Robbins,2
Luigi Cozzi,2
Mike Gabriel,2
Bill Forsyth,2
Just Jaeckin,2
Noel Black,2
Burny Mattinson,2
Bradford May,2
James Orr,2
John Fortenberry,2
Peter Horton,2
Anne Goursaud,2
Arne Glimcher,2
Allan Moyle,2
Marc Rocco,2
Dave Parker,2
Paul Solet,2
Peter Strickland,2
April Mullen,2
Herbert Wise,2
Ralph Zondag,2
Greg Spence,2
Trevor Nunn,2
John Luessenhop,2
Steve Antin,2
Nanette Burstein,2
Tod Williams,2
Mark Romanek,2
Roger Gould,2
John A. Davis,2
Lawrence Guterman,2
Rick Alverson,2
Kyle Patrick Alvarez,2
Dee Rees,2
Neil Armfield,2
Rodrigo CortÃ©s,2
James Keach,2
Greg Berlanti,2
Mike Mills,2
Bruce Malmuth,2
Chris Bould,2
Alan Myerson,2
Tony Maylam,2
Richard Pearce,2
Carl Schenkel,2
Phil Roman,2
Geoffrey Wright,2
Josh Cooley,2
Todd Strauss-Schulson,2
Patrick Horvath,2
Chad Villella,2
Justin Martinez,2
Randa Haines,2
Kirk Wong,2
Chang Cheh,2
Julie Anne Robinson,2
Hideo Nakata,2
Jim Field Smith,2
Jake Scott,2
Andy Mitton,2
Jesse Holland,2
Cary Fukunaga,2
Radio Silence,2
Carl Gottlieb,2
Frank Perry,2
Karen J. Lloyd,2
Jackie Chan,2
Ben Gluck,2
Cody Cameron,2
Michael Grossman,2
Michael Greenspan,2
Howard Franklin,2
John Sayles,2
Alan Shapiro,2
Harry Winer,2
Julian Schnabel,2
Michael Wadleigh,2
Joe Pytka,2
Jean-Claude Van Damme,2
Paul Flaherty,2
Steve De Jarnatt,2
Ethan Wiley,2
Jacob Gentry,2
Peter Sullivan,2
Will Canon,2
Owen Harris,2
David Hackl,2
Marc Abraham,2
Anders Morgenthaler,2
Robert Duvall,2
Dominique Othenin-Girard,2
Michael A. Simpson,2
D.A. Pennebaker,2
Alejandro Jodorowsky,2
Mark Goldblatt,2
Andrew Kasch,2
Dick Maas,2
Eric Brevig,2
"Damien O""Donnell",2
Michael Corrente,2
John Stephenson,2
Darren Stein,2
Rob Schneider,2
Eldar Ryazanov,2
Terry Hughes,2
Ian MacNaughton,2
Juan Piquer SimÃ³n,2
Martin Rosen,2
Steven Lisberger,2
Obin Olson,2
Amariah Olson,2
Ulu Grosbard,2
Eric Valette,2
Toni Myers,2
Ramin Bahrani,2
Anna Boden,2
Peter Sollett,2
Ben Palmer,2
Gaspar NoÃ©,2
Zach Lipovsky,2
Richard J. Lewis,2
Mark Piznarski,2
Jay Duplass,2
Mark Duplass,2
Antonia Bird,2
Bruce McCulloch,2
Martyn Burke,2
Annabel Jankel,2
Rocky Morton,2
Tony Randel,2
Peter Faiman,2
John Cornell,2
George Sluizer,2
Alan J. Levi,2
Phil Nibbelink,2
Louie Psihoyos,2
Ken Scott,2
Brett Morgen,2
Paul Gross,2
Wayne Blair,2
Joe Camp,2
John De Bello,2
Charles A. Nichols,2
Matteo Garrone,2
David Greene,2
Brian G. Hutton,2
John Wayne,2
Ken Hughes,2
Lindsay Anderson,2
Carol Reed,2
Craig Zobel,2
Tony To,2
Larry Latham,2
Katt Shea,2
Andrew Haigh,2
Kyle Newman,2
Justin Kurzel,2
David M. Rosenthal,2
Kriv Stenders,2
Jon Watts,2
R.D. Braunstein,2
Toby Genkel,2
Heidi Ewing,2
Josh Radnor,2
Kevin Munroe,2
Jeffrey Friedman,2
Rachel Grady,2
Fouad Mikati,2
William Monahan,2
Leslye Headland,2
Jon Cassar,2
Sophie Barthes,2
Zeke Norton,2
Paul Hyett,2
Ian Kirby,2
Alexandre Arcady,2
Johannes Roberts,2
Eric Lavaine,2
Josh Trank,2
Ericson Core,2
David Anspaugh,2
Alan Taylor,2
Nicholas Ray,2
Paul Abascal,2
Jun Falkenstein,2
Ash Brannon,2
Jong-Sik Nam,2
Jerzy Skolimowski,2
Nicole Conn,2
Barry W. Blaustein,2
Lucifer Valentine,2
Alfonso Gomez-Rejon,2
Ryan Coogler,2
David Swift,2
Joseph Losey,2
Nima Nourizadeh,2
Mike Elliott,2
Jason Moore,2
Camille Delamarre,2
Richard C. Sarafian,2
Gordon Douglas,2
Herschell Gordon Lewis,2
Cy Endfield,2
George Cukor,2
Charlie Kaufman,2
Peter Landesman,2
Genndy Tartakovsky,2
Olly Blackburn,2
Ronnie Thompson,2
Elaine Constantine,2
Jeremy Kagan,2
Michael Katleman,2
Roger Avary,2
Marc Evans,2
Chen Kaige,2
Peter Kosminsky,2
Lowell Dean,2
Nicholas McCarthy,2
Casey La Scala,2
Jack Heller,2
Bertrand Bonello,2
Carter Smith,2
Neil Nightingale,2
Jaume BalaguerÃ³,2
Bob Dolman,2
Donovan Cook,2
Carl Tibbetts,2
Gabe Polsky,2
Steven Shainberg,2
John Kafka,2
Joel Zwick,2
Daniel Benmayor,2
Daniel Espinosa,2
Punit Malhotra,2
Vipul Amrutlal Shah,2
Basil Dearden,2
Sam Taylor-Johnson,2
Wes Ball,2
Colin Trevorrow,2
Harold P. Warren,1
Peter Brook,1
Steve Sekely,1
Guy Green,1
Don Sharp,1
Mario Bava,1
Pino Van Lamsweerde,1
David Michener,1
Lamberto Bava,1
Anatole Litvak,1
James Clavell,1
Charles Chaplin,1
Bart Patton,1
Jun Fukuda,1
Heinz Dunkhase,1
Rouben Mamoulian,1
Darryl F. Zanuck,1
Michael Schroeder,1
Shusuke Kaneko,1
James B. Harris,1
Avi Nesher,1
Lodge Kerrigan,1
Richard Williams,1
Joseph McGrath,1
Luis BuÃ±uel,1
Daniel Stern,1
Claude Berri,1
David Price,1
Tom Stern,1
Henry Winkler,1
Dick Zondag,1
Bobby Gene Leonard,1
Stuart Margolin,1
Pascal Franchot,1
Chris Malloy,1
Sean Tretta,1
S.J. Clarkson,1
John Stalberg,1
Panos Cosmatos,1
Elijah Drenner,1
Michael Lander,1
B.A. Brooks,1
Barbara Brancaccio,1
Anne Depetrini,1
Michael Madsen,1
LaÃ­s Bodanzky,1
Ricki Stern,1
Anne Sundberg,1
Venus Keung Kwok-Man,1
Greg Franklin,1
Clay Weiner,1
Joseph Graham,1
Greg Olliver,1
Wes Orshoski,1
Dallas Jenkins,1
Richard Press,1
Shinobu Yoshioka,1
Ã‰ric Besnard,1
David A.R. White,1
James Nguyen,1
Douglas Langway,1
Seon-dong Yu,1
Anil Sharma,1
Milan Luthria,1
Alfred Lot,1
Josh Reed,1
Dean Wellins,1
Mahsun KÄ±rmÄ±zÄ±gÃ¼l,1
Doze Niu Cheng-Tse,1
Max Winkler,1
Puttipong Pormsaka Na-Sakonnakorn,1
Wasin Pokpong,1
Wagner de Assis,1
Kevin Asch,1
Danish Aslam,1
Josh Fox,1
Joe Cross,1
Olivier Abbou,1
Jim Loach,1
Tom Provost,1
Elbert van Strien,1
Javier Mariscal,1
Darragh Byrne,1
Fez Ortega,1
Manfred Wong,1
Raymond Yip Wai-Man,1
Saratswadee Wongsomphet,1
Peter Atencio,1
Joshua Grannell,1
Thomas BalmÃ¨s,1
Michael J. Weithorn,1
David Nixon,1
Patrick Doughtie,1
Seiji Chiba,1
Silvio Soldini,1
Mark McQueen,1
Tono Errando,1
Marilyn Agrelo,1
Trent Cooper,1
Bosse Lindquist,1
Joey Stewart,1
Galt Niederhoffer,1
Chris Shadley,1
Paul Olding,1
Chris McKay,1
Jon Hewitt,1
Satoshi Nishimura,1
Ben Steinbauer,1
John Inwood,1
Derek Frankowski,1
Dragan BjelogrliÄ‡,1
Jacob Chase,1
Casey Affleck,1
Nick Tomnay,1
Bill Speers,1
John Bruno,1
Kinka Usher,1
John H. Williams,1
Darlo Piana,1
Chris Morris,1
Daniel Grou,1
Howard J. Ford,1
Jonathan Ford,1
Eric Forsberg,1
ShukÅ Murase,1
Kim Sang-Jin,1
Lee Seung-Gyu,1
Shuko Murase,1
Mitch Schultz,1
Christian P. Della Penna,1
Justin Kerrigan,1
Kevin Williamson,1
James Dearden,1
Christopher Roberts,1
Tim Roth,1
Michael Patrick Jann,1
Mark Tarlov,1
Hattie Dalton,1
Lena Dunham,1
Patrik Syversen,1
Rosemary Rodriguez,1
Tim Hetherington,1
Sngmoo Lee,1
Shawn Ku,1
Peter Kassovitz,1
IstvÃ¡n SzabÃ³,1
Rand Ravich,1
Jeremy Podeswa,1
Tim Van Patten,1
Graham Yost,1
G.E. Furst,1
Dean Francis,1
Gary Harvey,1
Yann Gozlan,1
Semih KaplanoÄŸlu,1
James Algar,1
GaÃ«tan Brizzi,1
Mic Rodgers,1
Turi Meyer,1
Jeff Abugov,1
Hugh Johnson,1
Lawrence Jordan,1
Anne Wheeler,1
Sanjay Leela Bhansali,1
Majid Majidi,1
Maurice Joyce,1
Keith Truesdell,1
Michael Lantieri,1
Dan Riba,1
Hans Petter Moland,1
Mark Davis,1
Abe Sylvia,1
Julie Bertuccelli,1
Stevan Mena,1
Anurag Basu,1
Justin Jones,1
Mark Illsley,1
Adam Rehmeier,1
Dmitry Vasyukov,1
Jang Hoon,1
Martyn Pick,1
Hideki Futamura,1
Will Geiger,1
Alexandre O. Philippe,1
James Rabbitts,1
Scott Silver,1
Risa Bramon Garcia,1
LeVar Burton,1
Donna Deitch,1
Michael Morrissey,1
Teddy Newton,1
Michael Goldbach,1
Fernando Barreda Luna,1
Spencer Susser,1
Philip Seymour Hoffman,1
Larysa Kondracki,1
John Puglisi,1
Gary J. Tunnicliffe,1
Steven Silver,1
Dan Rush,1
Eric Laneuville,1
Yoshihiro Nakamura,1
Marcos Efron,1
Erik White,1
Peter Shin,1
Jorma Taccone,1
Joseph Guzman,1
Marcus Warren,1
Tim Allen,1
Daryn Tufts,1
Richard Levine,1
Colin Levy,1
Banksy,1
Marius Holst,1
Iain Riddick,1
Martin Williams,1
Nathan Williams,1
Yukio Suzuki,1
Markus Goller,1
Denys Granier-Deferre,1
Johannes StjÃ¤rne Nilsson,1
Ola Simonsson,1
Fernanda Cardoso,1
Benedek Fliegauf,1
Walt Dohrn,1
Troy Nixey,1
Samuel Bayer,1
Eli Craig,1
Rob Hardy,1
GÃ©la Babluani,1
Brent Maddock,1
Rick Schneider-Calabash,1
Daniel Sackheim,1
Aaron Schneider,1
Debra Granik,1
Joann Sfar,1
Stephen Milburn Anderson,1
Miguel Sapochnik,1
Massy Tadjedin,1
Alan Poul,1
Floria Sigismondi,1
John Mathew Matthan,1
Chris Nahon,1
Jeannine Roussel,1
Hironobu Sakaguchi,1
Motonori Sakakibara,1
Paul Scheuring,1
Roselyne Bosch,1
Michael Rowe,1
John H. Lee,1
Anthony Bell,1
Kim Chapiron,1
Tim Haines,1
Jasper James,1
David Steinberg,1
Adrian Edmondson,1
Kenneth R. Koch,1
Kaveh Moinfar,1
Mohsen Makhmalbaf,1
Brendan Malloy,1
Emmett Malloy,1
Patrice ChÃ©reau,1
Jez Butterworth,1
Chuck Sheetz,1
Bill Bannerman,1
Gregory Poirier,1
Demian Lichtenstein,1
Farhan Akhtar,1
Jean de Segonzac,1
Barry Skolnick,1
Josh Oreck,1
Jean-Marie PoirÃ©,1
Mojtaba Mirtahasebi,1
Atsuya Uki,1
Priyadarshan,1
Henrique Goldman,1
Jordan Downey,1
Ivan CalbÃ©rac,1
Stephen Cragg,1
Florian Henckel von Donnersmarck,1
Ethan Maniquis,1
"Renzil D""Silva",1
Andy Bichlbaum,1
Mike Bonanno,1
Sean McConville,1
David Kaplan,1
Michael Samonek,1
Vin Diesel,1
Barbara Schroeder,1
Rob Pritts,1
Mark Joffe,1
Jonas McCord,1
Matt Codd,1
Jan Harlan,1
Julio DePietro,1
Richard Harrah,1
Gad Elmaleh,1
Andrew Monument,1
R. W. Goodwin,1
Ludovic Houplain,1
FrÃ©dÃ©ric Berthe,1
Rodrigo Blaas,1
Ariel Zeitoun,1
Julien Seri,1
Henry Bean,1
Doug Pray,1
Euros Lyn,1
Danny Lerner,1
Ron Daniels,1
Yann Moix,1
Claire Denis,1
Julien Nitzberg,1
Gregory Doran,1
Ray Lawrence,1
Sam Irvin,1
Simon Blakeney,1
Stephen Lyle,1
Abel Ferry,1
Kevin Heffernan,1
Matt Lang,1
Michael Storey,1
Emmanuel Klotz,1
Albert Pereira-Lazaro,1
Tim Iacofano,1
Andrew Lancaster,1
Eric-Emmanuel Schmitt,1
Dolph Lundgren,1
Dan Eckman,1
Chris Bouchard,1
Shinya Tsukamoto,1
Jac Schaeffer,1
R. J. Cutler,1
Jon Gunn,1
Bob Gosse,1
Cherien Dabis,1
"Jim O""Hanlon",1
Samuel Maoz,1
Jeff Balsmeyer,1
Richard Crudo,1
Bo Zenga,1
Robert D. Siegel,1
Michael Stephenson,1
Andrew Thomas Hunt,1
Chandler Tuttle,1
Franny Armstrong,1
Rob Williams,1
Brian Baugh,1
Olivier Doran,1
Jeff Stilson,1
Enda McCallion,1
Federico Moccia,1
Blayne Weaver,1
Martin Barnewitz,1
Kevin Hamedani,1
Neal Brennan,1
Danis TanoviÄ‡,1
Anders Anderson,1
Nia Vardalos,1
Scott S. Anderson,1
Jennifer DevoldÃ¨re,1
Dror Soref,1
Thomas Jane,1
Aleksandr Buravsky,1
Gareth Carrivick,1
Felix Van Groeningen,1
Nicholas Jasenovec,1
Alex Merkin,1
Xavier S. Puslowski,1
Sean Byrne,1
Stephen Carpenter,1
Mariano Barroso,1
Guy Magar,1
LÃ©a Pool,1
Jordan Melamed,1
Thomas Riedelsheimer,1
John Stevenson,1
David Ondaatje,1
"Dean O""Flaherty",1
Brian King,1
Blair Hayes,1
David Atkins,1
Alan Cumming,1
Jennifer Jason Leigh,1
YÄ±lmaz ErdoÄŸan,1
DJ Pooh,1
John Hindman,1
Nicolas Saada,1
Cheryl Hines,1
Prabhu Deva,1
Lee Demarbre,1
John Glenn,1
Charles Crossin,1
Ronaldo Nacionales,1
Reynaldo Rodriguez,1
Tyler Oliver,1
Ãlvaro de ArmiÃ±Ã¡n,1
Robert Porter,1
Allison Liddi-Brown,1
Mike Smith,1
Daniel DelPurgatorio,1
Derrick Borte,1
Jeffrey Nachmanoff,1
Stephen Belber,1
Martin Wood,1
Howard McCain,1
D. Kerry Prior,1
Christian Forte,1
Luis Berdejo,1
Tim Matheson,1
Howard Michael Gould,1
Loveleen Tandan,1
Edward Neumeier,1
Christian Molina,1
Robert C. Cooper,1
Doug Sweetland,1
Dave Filoni,1
Marco Schnabel,1
Florian Gallenberger,1
Tia Buhl,1
Tony Jaa,1
Panna Rittikrai,1
S.R. Bindler,1
Michael McCullers,1
Deb Hagan,1
Cyrus Nowrasteh,1
Katherine Dieckmann,1
Jonas Elmer,1
Zach Cregger,1
Trevor Moore,1
Simone North,1
Ryuta Miyake,1
David Hollander,1
Phedon Papamichael,1
Craig Mazin,1
Guillermo Arriaga,1
Chuck Patton,1
Duncan Ward,1
Joel Bergvall,1
Simon Sandquist,1
Debbie Isitt,1
Ronnie del Carmen,1
Markian Saray,1
Marcel Langenegger,1
David Moreau,1
Xavier Palud,1
William Maher,1
Robert Stevenhagen,1
Michael Henger,1
Kari Juusonen,1
Gary Jones,1
Juraj Jakubisko,1
Jim Torres,1
David Denneen,1
Ashutosh Gowariker,1
Neil Thompson,1
Joshua Seftel,1
Larry Bishop,1
Ben Rock,1
Jeff Lowell,1
Steve Conrad,1
Yavar Abbas,1
Courtney Hunt,1
Yam Laranas,1
Craig Lucas,1
Sacha Goedegebure,1
Yasuhiro Aoki,1
Futoshi Higashide,1
Toshiyuki Kubooka,1
Hiroshi Morioka,1
Shoujirou Nishimi,1
Diane English,1
Chu Yen-ping,1
Andrey Kravchuk,1
Masayuki Ochiai,1
Dave Bullock,1
Marc SchÃ¶lermann,1
Gadi Harel,1
Alan Ball,1
Gregory Mackenzie,1
Gino Nichele,1
Jens Hoffmann,1
John Simpson,1
Simon Hunter,1
Baillie Walsh,1
James Honeyborne,1
Jeff Buhler,1
Rowan Woods,1
Jonas Barnes,1
Michael Manasseri,1
Mark A. Lewis,1
Raymond De Felitta,1
Jakob Schuh,1
Nora Twomey,1
Sherry Hormann,1
Wolfgang Murnberger,1
Mike Maguire,1
Tom Kuntz,1
Tarik Saleh,1
Armando Iannucci,1
Javier Fuentes-LeÃ³n,1
Jeff Beesley,1
Nancy Bardawil,1
Damien Dante Wayans,1
Tatiana von Furstenberg,1
Scott Sanders,1
Brian Goodman,1
Fred CavayÃ©,1
Gerald McMorrow,1
Lori Petty,1
Gilles Bourdos,1
Alberto Sironi,1
Brett Simon,1
Drew Barrymore,1
Robert Allan Ackerman,1
James Bolton,1
Rigoberto CastaÃ±eda,1
Jeremiah Kipp,1
Zeke Dunn,1
Nicole Real,1
Gideon Raff,1
Martin Koolhoven,1
Donald P. Borchers,1
Phil Claydon,1
Thomas Sorriaux,1
Adam Jay Epstein,1
Andrew Jacobson,1
Dan Zeff,1
Kent Alterman,1
Mickey Liddell,1
David Lister,1
Tae-Yeon Won,1
Roy Burdine,1
Lloyd Goldfine,1
Ben Ramsey,1
Lara Shapiro,1
Emily Young,1
Stuart Hazeldine,1
Serge Boutleroff,1
Matt Aselton,1
Jon Poll,1
Jean-StÃ©phane Sauvaire,1
Gianni Di Gregorio,1
Jennifer Flackett,1
FranÃ§ois Desagnat,1
Peter Stebbings,1
Bouli Lanners,1
Olivier Marchal,1
Trygve Allister Diesen,1
Brian Smrz,1
Michel Delgado,1
Todd Kessler,1
Nicky Li Chung-Chi,1
Erick Zonca,1
Sally George,1
Stephen Walker,1
Paul Morrison,1
Tatia Rosenthal,1
Chris Moore,1
Abbas Tyrewala,1
Tom Putnam,1
Steven Smith,1
Brian Herzlinger,1
Jon Harris,1
Rachel Ward,1
Stephen Poliakoff,1
Jordan Scott,1
Josh Appignanesi,1
J Blakeson,1
Mario Philip Azzopardi,1
Susan Montford,1
Samuel Benchetrit,1
Pete Riski,1
Steven Jacobson,1
A.R. Murugadoss,1
Duane Clark,1
Glenn Gaylord,1
Patrick Alessandrin,1
Peter Scheerer,1
Udayan Prasad,1
Charles Robert Carner,1
Chip Hale,1
Nina Paley,1
Olivier Van Hoofstadt,1
David de Vries,1
Aaron Aites,1
Urszula Antoniak,1
Silvio Muccino,1
Jared Drake,1
Dan Ireland,1
Andy Goddard,1
Alex Rivera,1
Adam Fields,1
Michael Roesch,1
Yann Arthus-Bertrand,1
Rick Jacobson,1
Ã€lex Pastor,1
David Pastor,1
Drew Ann Rosenberg,1
Kieran Mulroney,1
Michele Mulroney,1
Rob Stefaniuk,1
Jean-Paul Lilienfeld,1
Sean McGinly,1
Kim Jin-Yeong,1
Elissa Down,1
Javier Abad,1
Marcos MartÃ­nez,1
Jacques Perrin,1
Jacques Cluzaud,1
Marianna Palka,1
Tom Gustafson,1
Lars Jacobson,1
Amardeep Kaleka,1
Joel Viertel,1
Ã–zgÃ¼r Yildirim,1
Joel Anderson,1
Richard Gale,1
Jesse V. Johnson,1
Grant Heslov,1
Nathan Hope,1
Jorge Blanco,1
Hoyt Yeatman,1
Matthew Robinson,1
Peter Billingsley,1
Agnieszka Wojtowicz-Vosloo,1
Randall Balsmeyer,1
Wen Jiang,1
Julian Fellowes,1
Brandon Camp,1
Charles Guard,1
Thomas Guard,1
Timothy Linh Bui,1
Tom Ford,1
Allan Mauduit,1
Eric Styles,1
Vicente Amorim,1
T. Sean Shannon,1
Natalie Portman,1
Yvan Attal,1
Shunji Iwai,1
Joshua Marston,1
Michel Hazanavicius,1
Gary McKendry,1
Stephen Anderson,1
Sarah Smith,1
George Nolfi,1
Aaron Harvey,1
Jamie Linden,1
Tomas Alfredson,1
Patrick Tatopoulos,1
Bob Peterson,1
Sam Wanamaker,1
Dick Richards,1
George Butler,1
Robert Fiore,1
Ingmar Bergman,1
Brad Lewis,1
Giulio Manfredonia,1
Kristopher Belman,1
Oliver Irving,1
Nacho G. Velilla,1
Juno John Lee,1
Jennifer Yuh,1
"John ""Bud"" Cardos",1
James Goldstone,1
Philip Sansom,1
Olly Williams,1
Antoine de Caunes,1
Denny Tedesco,1
Victor Navone,1
Steve Jacobs,1
Breno Silveira,1
Marc Caro,1
Shashank Khaitan,1
Marina Rice Bader,1
Tracy Droz Tragos,1
James Erskine,1
David Thorpe,1
Tanya Wexler,1
Mitch Glazer,1
Alex Gregory,1
Audrey Cummings,1
Nicolas Castro,1
Amir Bar-Lev,1
Robert May,1
Jonathon Narducci,1
Sacha Bennett,1
Homi Adajania,1
Alex Holmes,1
Toa Fraser,1
Omung Kumar,1
Nadav Schirman,1
Tomek Baginski,1
David Storey,1
Jesse Moss,1
Sebastian Dehnhardt,1
Greg Whiteley,1
Tom Owens,1
Matthijs van Heijningen Jr.,1
Joe Cornish,1
Adam Kassen,1
Mark Kassen,1
Julia Leigh,1
Elliott Lester,1
Matthew Chapman,1
Martin Guigui,1
Matthew Hope,1
Stig Svendsen,1
Mike Gunther,1
Antti Jokinen,1
Mateo Gil,1
Michael Brandt,1
Carlo Ledesma,1
Angel Gracia,1
J.T. Tepnapa,1
FrÃ©dÃ©ric Jardin,1
Dan Povenmire,1
Robert Hughes,1
Sam Levinson,1
Daniel Auteuil,1
Laura Lau,1
Travis Fort,1
Phil Dornfeld,1
P.J. Pettiette,1
Dermot Mulroney,1
Sean Durkin,1
Paddy Considine,1
Stuart Ortiz,1
Chris Berkeley,1
Peter Huyck,1
Jason Winer,1
Troy Quane,1
Geoffrey Fletcher,1
Madonna,1
Enrico Casarosa,1
Lawrence Silverstein,1
Alister Grierson,1
Adamo P. Cultraro,1
Jim Kohlberg,1
Alex Orwell,1
Kelly Smith,1
Jennifer Westfeldt,1
Michael Jai White,1
Lee Fulkerson,1
Sam Jaeger,1
Paul Leyden,1
Marshall Curry,1
Jillian Schlesinger,1
Jody Lee Lipes,1
Lance Bangs,1
Matthias SchweighÃ¶fer,1
Azazel Jacobs,1
Lee Hirsch,1
Dylan Baker,1
Eddie Martin,1
Kostas Ouzas,1
Nick Kozakis,1
Jay Chapman,1
Jennifer M. Kroot,1
One9,1
Michael G. Bartlett,1
Mia Hansen-LÃ¸ve,1
Darin Scott,1
Rik Swartzwelder,1
Jay Lavender,1
Shashanka Ghosh,1
Des Doyle,1
Eric Kissack,1
Nickolas Dylan Rossi,1
Laurieann Gibson,1
Aaron Woodley,1
Christophe HonorÃ©,1
Andrew Beall,1
Frank Molieri,1
Sean Hogan,1
Andrew Parkinson,1
Rich Cowan,1
Richard De Aragues,1
Paolo Costella,1
K. Asher Levin,1
Michael Gunton,1
Jesse T. Cook,1
Laurent Bernier,1
Gavin Wiesen,1
John Stimpson,1
Elgin James,1
Antoine Thomas,1
Jose Montesinos,1
Laurence Connor,1
Jason Bourque,1
Joe Nimziki,1
Carles Torrens,1
Jonah Loop,1
Sheree Folkson,1
Don Handfield,1
Curt Morgan,1
Paul Johansson,1
Niall MacCormick,1
Julien Magnat,1
Michael Winnick,1
James Hacking,1
Evan Oppenheimer,1
Adam Deacon,1
Daniel Toland,1
Jill Sprecher,1
Reinout Oerlemans,1
Marcus Graves,1
Brian Miller,1
Jeffrey Radice,1
Paul A. Kaufman,1
David Keating,1
Audrey Estrougo,1
Jeffrey Fine,1
Zillah Bowes,1
Jason Hewitt,1
Oskar JÃ³nasson,1
Gunnar Karlsson,1
Chris Holt,1
Stephen Cooter,1
David Lickley,1
Howie Askins,1
Sam Fischer,1
Beqa Jguburia,1
Evan Glodell,1
Arthur Bradford,1
Lance Daly,1
Jeffrey Donovan,1
Te-Sheng Wei,1
Michael Nankin,1
NicolÃ¡s Goldbart,1
Dan Trachtenberg,1
Michael Goi,1
Guy Moshe,1
Alex Chandon,1
Marshall Cook,1
Joe Smalley,1
Tess Smalley,1
GÃ©rald Hustache-Mathieu,1
Andrew Rossi,1
Timothy A. Chey,1
Jonathan M. Shiff,1
Pradeep Sarkar,1
Amelle Chahbi,1
Erik Wernquist,1
Beto GÃ³mez,1
Sean Branney,1
Buddy Giovinazzo,1
Douglas Buck,1
Karim Hussain,1
Chris Moukarbel,1
Shane Dawson,1
FrÃ©dÃ©ric Schoendoerffer,1
Chris Riedell,1
Nick Riedell,1
Christian Larson,1
Zak Penn,1
Alastair Orr,1
Anton King,1
Will Bakke,1
J.M.R. Luna,1
AndrÃ© Singer,1
Chapman Way,1
Maclain Way,1
Marco Polo Constandse,1
David Cross,1
William Joyce,1
Brandon Oldenburg,1
Geoff Meed,1
Leon Ford,1
Paul Mariano,1
Kurt Norton,1
Nitesh Tiwari,1
Vikas Bahl,1
Pierre Rambaldi,1
Laura Craig Gray,1
Tristan Quinn,1
Aimee Lagos,1
Roko Belic,1
Emad Burnat,1
Guy Davidi,1
Michael Lange,1
Marc Erlbaum,1
Garrett Brawith,1
Bess Kargman,1
Taylor Sheridan,1
Michael F. Sears,1
Constance Marks,1
Paul Campion,1
James Moll,1
Jason Cohn,1
Bill Jersey,1
Daniel Lindsay,1
T.J. Martin,1
David Redmon,1
Ashley Sabin,1
Brett Pierce,1
Drew T. Pierce,1
Bobby Roe,1
Andrew Levitas,1
Michael Hewitt,1
Dermot Lavery,1
Kelsey Mann,1
Jason Priestley,1
Kiran Rao,1
Andrea Blaugrund,1
Patrick McManus,1
Matt Berman,1
Nate Cash,1
Michael Rossato-Bennett,1
Ali Zafar,1
John Alexander,1
Bruce MacDonald,1
Isaac Feder,1
Rudy Bednar,1
Kip Anderson,1
Keegan Kuhn,1
Rachel Mills,1
Sean Mullin,1
David Salzberg,1
Christian Tureaud,1
ÃdÃ¡m CsÃ¡szi,1
Michael Axelgaard,1
Doug Walker,1
John Dunson,1
Sean Dunson,1
David Weissman,1
Bill Weber,1
Mark Cousins,1
Paul Tarnopol,1
Rory Kennedy,1
Chiang Chin-Lin,1
Gerard Johnson,1
Alexander Yellen,1
Blaine Thurier,1
Brian Brough,1
Simon Helberg,1
Jocelyn Towne,1
Zatella Beatty,1
Gren Wells,1
Mairzee Almas,1
Nick Copus,1
Pierre Salvadori,1
Oklahoma Ward,1
Jack Bryan,1
Jon Stewart,1
Gary Katona,1
Ed Wexler,1
Ian Cheney,1
Liz Tuccillo,1
Jeff Preiss,1
Kyungmin Woo,1
"Kevin O""Neill",1
Ben Kellett,1
Christopher Kezelos,1
Thierry Binisti,1
Eldar Rapaport,1
Kevin Donovan,1
Lorna Cook,1
Edward Lachman,1
Don MacKinnon,1
Lisa Schaffer,1
Jeremy Berg,1
Sean Evans,1
Roger Waters,1
Jen McGowan,1
Ben Demaree,1
Jeffrey Porter,1
Larry Shaw,1
Giacomo Campiotti,1
Josh Lowell,1
Peter Mortimer,1
Nick Rosen,1
Kenny Leon,1
Matthew A. Brown,1
Stanley M. Brooks,1
Jake Hoffman,1
Joey Ansah,1
Ed Decter,1
Thomas J. Wright,1
Bob Misiorowski,1
Richard Raymond,1
Angus MacLachlan,1
Paul Wilmshurst,1
Hong Khaou,1
Nick Cannon,1
David Wu,1
Andrzej Sekula,1
Marcus Raboy,1
Robin Budd,1
Dewey Nicks,1
Wallace Wolodarsky,1
Bob Gale,1
Seth Kearsley,1
Phil Vischer,1
Sanjay Gupta,1
J.M. Kenny,1
Alan Zaslove,1
Dan Storey,1
Ravi Dhar,1
Colin Theys,1
Riad Sattouf,1
Keith Fulton,1
Louis Pepe,1
Daniel Algrant,1
Felipe Lacerda,1
Dylan Kidd,1
Jordan Brady,1
Perry Andelin Blake,1
Toshiya Shinohara,1
Jeff McGrath,1
Craig McCracken,1
Jesse Vaughan,1
Frank Longo,1
John Stainton,1
Peter Gilbert,1
Si-myung Lee,1
GÃ©rard PirÃ¨s,1
James T. Walker,1
Cess Silvera,1
Adam Doench,1
Lyndale V. Pettus,1
Peter Care,1
Tuck Tucker,1
Michael Kalesniko,1
Cathy Malkasian,1
Greg Coote,1
Jeremy Leven,1
William H. Macy,1
Mark Raso,1
Siddharth Anand,1
Jay Martin,1
Nils Tavernier,1
Susanna Fogel,1
Giancarlo Volpe,1
Patrick Morris,1
Maurice Hunt,1
Steven E. de Souza,1
Steven Seagal,1
Oley Sassone,1
MilÄo ManÄevski,1
Paul Hogan,1
David Ryan Keith,1
Pascale Ferran,1
Mamat Khalid,1
Claudia Llosa,1
Allison Burnett,1
Tyler Measom,1
Justin Weinstein,1
Gun Ho Jang,1
Matty Beckerman,1
Cho Beom-gu,1
Luke Moran,1
Greg Francis,1
Tommy Avallone,1
Dustin Marcellino,1
Karen Leigh Hopkins,1
Joshua Oppenheimer,1
Shoji Kawamori,1
John Paragon,1
Perry Lang,1
Ezio Greggio,1
Lee Lik-Chi,1
Kevin Dowling,1
Geoff Burton,1
Ivan Kavanagh,1
Jefery Levy,1
Patrick Read Johnson,1
Kim Henkel,1
Jonathan Prince,1
Charles Haid,1
Franco Amurri,1
Gillies MacKinnon,1
Kensho Yamashita,1
Diego Luna,1
Sara Colangelo,1
Mike Myers,1
Beth Aala,1
Neil Berkeley,1
Juan Pablo Buscarini,1
Mike Young,1
Orlando von Einsiedel,1
Carlos Marques-Marcet,1
Claudia Myers,1
John Maloof,1
Charlie Siskel,1
Chris Dowling,1
Thomas S. Hammock,1
Todd Douglas Miller,1
Frank Whaley,1
Rich Moore,1
Stephen Chbosky,1
Drew Goddard,1
Juan Diego Solanas,1
Scott Speer,1
Mike McCoy,1
John Kahrs,1
Heitor Dhalia,1
Michael S. Ojeda,1
Richard Laxton,1
Jeremy Snead,1
Israel Horovitz,1
Clare Lewins,1
Charles-Olivier Michaud,1
Rupert Sanders,1
Juan Antonio Bayona,1
Stephen Lance,1
Paul Katis,1
Alex Goyette,1
Ellie Kanner,1
Justin Simien,1
Aaron Katz,1
Martha Stephens,1
Matthew Saville,1
Joseph Hahn,1
Madellaine Paxson,1
Riley Stearns,1
Matt Drummond,1
Greg Carter,1
"Brian O""Malley",1
Luke Matheny,1
Andrew Loo,1
Chris Butler,1
Dean Wright,1
Anthony Hemingway,1
David Guy Levy,1
Josh Schwartz,1
Sid Bennett,1
Jan Lachauer,1
Ben Lewin,1
Jake Newsome,1
Barry Battles,1
Robert Lorenz,1
Bradley Parker,1
Stephen Elliott,1
Stuart Blumberg,1
Dustin Hoffman,1
Katie Aselton,1
Alex Kurtzman,1
Mabrouk El Mechri,1
Makoto Kamiya,1
Nicholas Jarecki,1
Ariel Vromen,1
Dan Bradley,1
Hadi Hajaig,1
RZA,1
Jeff Newitt,1
Stephen St. Leger,1
James Mather,1
Adrian Grunberg,1
Asger Leth,1
Nick Ormerod,1
Declan Donnellan,1
Henry Alex Rubin,1
David Brooks,1
Maksim Korostyshevsky,1
Benh Zeitlin,1
Geoff Moore,1
David Posamentier,1
Simon Hawkins,1
Zeke Hawkins,1
Cary Murnion,1
Jamie Bradshaw,1
Aleksandr Dulerayn,1
Fisher Stevens,1
Ramaa Mosley,1
Carlos Brooks,1
Makinov,1
Dante Ariola,1
Zhao Lin-Shan,1
John Poliquin,1
Roar Uthaug,1
Pascal Laugier,1
Rufus Norris,1
NoÃ©mie Lvovsky,1
Paul Ziller,1
David Palmer,1
Dax Shepard,1
Lorene Scafaria,1
Brian Klugman,1
Lee Sternthal,1
Mike Phillips,1
Brandon Cronenberg,1
Jamie Travis,1
Robert Heath,1
Vincent Kesteloot,1
Lucien Castaing-Taylor,1
Verena Paravel,1
Pete McCormack,1
David Weaver,1
Javier Ruiz Caldera,1
The Butcher Brothers,1
Peter Templeman,1
Lawrence Roeck,1
Jeff Chan,1
Rodrigo GudiÃ±o,1
Gary Yates,1
Stobe Harju,1
Leos Carax,1
Wayne Thornley,1
David Barrett,1
Mark A. Walsh,1
Harold Cronk,1
Brian Falk,1
Damon Gameau,1
Travis Oates,1
Zak Knutson,1
Romain Basset,1
Sam Esmail,1
Charlie McDowell,1
Jonathan Milott,1
Daniel Simpson,1
Rob Pearlstein,1
Antony Smith,1
Keith Parmer,1
Kelly Dolen,1
James Napier Robertson,1
Kiah Roache-Turner,1
Ezekiel Norton,1
RÃ©gis Roinsard,1
Bart Layton,1
Ry Russo-Young,1
Brian Larsen,1
Christopher MacBride,1
Markus Imhoof,1
Joko Anwar,1
Vittorio Taviani,1
Jonathan Zarantonello,1
Ted Koland,1
Daryl Wein,1
Ryan Smith,1
Mark Mann,1
Casey Walker,1
Gabe Torres,1
Christopher Neil,1
Kern Saxton,1
Kim Nguyen,1
Alberto RodrÃ­guez,1
Michael Taverna,1
Cameron Cairnes,1
Colin Cairnes,1
Paolo Taviani,1
Alan Polsky,1
Kimble Rendall,1
Jeremy Gardner,1
Nir Paniry,1
Jordan Roberts,1
Matthias Hoene,1
Brandon Nutt,1
Christopher Kenneally,1
Rowan Athale,1
Michael Mohan,1
Dylan C. Brown,1
Rebecca Thomas,1
Matt Walsh,1
Alan White,1
Allan Ungar,1
James Mottern,1
Jourdan McClure,1
Timothy Armstrong,1
Yoon-suk Choi,1
Lisanne Pajot,1
James Swirsky,1
Crispian Mills,1
Chris Hopewell,1
Juan Carlos Medina,1
Brent McCorkle,1
Ben Drew,1
Steve Taylor,1
Eduard CortÃ©s,1
Sally El Hosaini,1
Ice-T,1
Andy Baybutt,1
S.S. Rajamouli,1
Margarethe von Trotta,1
Atsushi Takeuchi,1
Dale Fabrigar,1
Everette Wallin,1
Andrew Goth,1
Greg A. Sager,1
Jay Gammill,1
Jan Ole Gerster,1
Yaron Zilberman,1
Matt Ross,1
Alex Craig Mann,1
Rama Burshtein,1
Alain Resnais,1
Gauri Shinde,1
Regan Hall,1
Malik Bendjelloul,1
Gabriel Range,1
Richard Ramsey,1
Brian Horiuchi,1
Xan Cassavetes,1
Jeff Orlowski,1
Alison Klayman,1
Sophie Fiennes,1
Matt Piedmont,1
Victor Levin,1
James D. Rolfe,1
Kevin Finn,1
Steward Lee,1
Steven G. Lee,1
Zak Hilditch,1
JenÃ©e LaMarque,1
Deborah Chow,1
Jason Momoa,1
Scott Foley,1
Mac Carter,1
Kevin Kolsch,1
Dennis Widmyer,1
Sebastian del Amo,1
Ryan Moore,1
Malek Akkad,1
Yoo Ha,1
Dror Moreh,1
Daniel Krige,1
Andy Capper,1
Arnab Chaudhuri,1
Timothy Reckart,1
Kevin Barker,1
Eric Hayden,1
Dietrich BrÃ¼ggemann,1
AdriÃ¡n Cardona,1
David MuÃ±oz,1
Elise Robertson,1
Perry Bhandal,1
Eron Sheean,1
Nick Ryan,1
Bradley Rust Gray,1
Simon Phillips,1
Scott Schirmer,1
Jeffrey Walker,1
David Chase,1
Masaya Fujimori,1
Ziad Doueiri,1
Michael J. Gallagher,1
Travis Fine,1
Boudewijn Koole,1
Charles Matthau,1
Christian Merret-Palmair,1
Jeremy Power Regimbal,1
Lee Kirk,1
David Ren,1
Andy Saunders,1
Peter Geiger,1
Reema Kagti,1
Brett Kelly,1
PES,1
Shola Lynch,1
Antoinette Beumer,1
Dick Carruthers,1
Carine Tardieu,1
Lauren Greenfield,1
Michael Emanuel,1
Bob Badway,1
Matthew Spradlin,1
Jared Leto,1
Jonathan Lisecki,1
Mark Caballero,1
Seamus Walsh,1
Justin Dix,1
Tim Heidecker,1
Bryce Wagoner,1
Laurentine Ten Bosch,1
Lawrence Kasanoff,1
WÅ‚adysÅ‚aw Pasikowski,1
Gregg Godfrey,1
Jeremy Rawle,1
Danielle Harris,1
Quentin Lee,1
Kieran Darcy-Smith,1
Mark Edwin Robinson,1
Diederik Van Rooijen,1
Michael A. Nickles,1
Phil Dorling,1
Ron Nyswaner,1
Eric Wareheim,1
John Mitchell,1
Kerry Bellessa,1
Vikram Gandhi,1
Zak Levitt,1
Karzan Kader,1
Pablo Trapero,1
David Mackay,1
Madhur Bhandarkar,1
Coley Sohn,1
Paul Sen,1
Kleber MendonÃ§a Filho,1
Jacqui Morris,1
David Morris,1
Minkyu Lee,1
Humberto Hinojosa,1
Jeremy Kipp Walker,1
Dan Cutforth,1
Jane Lipsitz,1
Jem Cohen,1
Danny Mulheron,1
Boris Rodriguez,1
Justin Russell,1
Glenio Bonder,1
AnaÃ¯s Barbeau-Lavalette,1
Jay Bulger,1
Joseph Garner,1
Pablo Berger,1
Matthew Cooke,1
Paul Owens,1
Mike Birbiglia,1
Seth Barrish,1
Inon Shampanier,1
Robert Walker,1
Rob Schmidt,1
KÃ´ji Morimoto,1
Bo Welch,1
Patrick Gilmore,1
David Grossman,1
Bud Luckey,1
Audrey Wells,1
Ishi Rudell,1
Jim Weedon,1
Mark Griffiths,1
Norman Buckley,1
Sarah Burns,1
Ken Burns,1
Steve Trenbirth,1
Aaron Blaise,1
Dallas Richard Hallam,1
Dave Green,1
Casper Van Dien,1
Stuart Murdoch,1
Mark Young,1
Ryan Phillippe,1
Trevor White,1
Gillian Robespierre,1
Kate Barker-Froyland,1
Ana Lily Amirpour,1
Clif Prowse,1
Derek Lee,1
Jesse Zwick,1
Pascal Chaumeil,1
Ian Kessner,1
Lucas Belvaux,1
Jabbar Raisani,1
Courteney Cox,1
Gavin Grazer,1
Matthew Ryan Hoge,1
Andy Byatt,1
Oz Scott,1
Dominique Monfery,1
C. Jay Cox,1
Robert Boocheck,1
Juan MartÃ­nez Moreno,1
Ajmal Zaheer Ahmad,1
Liv Ullmann,1
Dominique Deruddere,1
Emilis Velyvis,1
Tim Garrick,1
Shira Piven,1
Navot Papushado,1
Dennison Ramalho,1
Robert Morgan,1
Hajime Ohata,1
SÃ´ichi Umezawa,1
Todd Rohal,1
Julian Barratt,1
Jim Hosking,1
David Molina,1
Terry Shakespeare,1
Paul Hunter,1
Keith Gordon,1
Patty Jenkins,1
Julien Maury,1
Alexandre Bustillo,1
Aharon Keshales,1
Michael Haussman,1
Stephen Fry,1
Robert Parigi,1
Gary Hardwick,1
Laurent Baffie,1
Mike Southon,1
Fred Vogel,1
Jerami Cruise,1
Greg Yaitanes,1
Byung-chun Min,1
Brad Mirman,1
RenÃ© Manzor,1
Richard Schickel,1
Steven Ayromlooi,1
John Robert Hoffman,1
John Eng,1
Reggie Rock Bythewood,1
Damian Nieman,1
Merzak Allouache,1
Joan Churchill,1
Marleen Gorris,1
Mark Achbar,1
Jennifer Abbott,1
Richard Kwietniowski,1
Troy Beyer,1
Alec Baldwin,1
Philippe Leclerc,1
David DeBartolomÃ©,1
Fabrice Canepa,1
William Phillips,1
Ã‰mile Gaudreault,1
Steve Anderson,1
Lancelot Oduwa Imasuen,1
Bruno Samper,1
Tommy Wiseau,1
Peter Richardson,1
Andrew Knight,1
Kurt Voss,1
Dean Cundey,1
Roy Wilson,1
Sajid Nadiadwala,1
Dan Beers,1
Philippe Falardeau,1
Chris Brinker,1
Trevor Matthews,1
Tony Mahony,1
Chris Nash,1
Bill Plympton,1
David Jung,1
Jordan Rubin,1
David Campbell,1
Huck Botko,1
David Hayter,1
Dearbhla Walsh,1
Jeff Baena,1
LluÃ­s QuÃ­lez,1
Kazuhisa TakenÃ´chi,1
Lauren Lazin,1
JÃ¸rgen Leth,1
Peter Levin,1
Marco Bellocchio,1
K.C. Bascombe,1
Francis Palluau,1
Laurent Bouzereau,1
"Peter O""Fallon",1
Andy Wilson,1
Glenn Gordon Caron,1
Gary Oldman,1
Tom Karnowski,1
Sazzy Lee Calhoun,1
Johnny Depp,1
David Evans,1
Bill Pohlad,1
Damon Beesley,1
Iain Morris,1
Laura Poitras,1
Alan Rickman,1
Sean Mathias,1
Mark Pavia,1
R. Paul Miller,1
Kat Candler,1
Tom Harper,1
John Slattery,1
Scot Armstrong,1
Kurando Mitsutake,1
Adam Robitel,1
Paul Bettany,1
Andy Hamilton,1
Stephen Kessler,1
Karl Geurs,1
Stanley Tong,1
Bob Spiers,1
Chris Thomson,1
Michael Cohn,1
Shuki Levy,1
David Winning,1
Patrik Forsberg,1
Will Graham,1
Jonathan van Tulleken,1
Scott Moore,1
Jon Lucas,1
Callan Brunker,1
Amma Asante,1
Reinhard Klooss,1
Destin Cretton,1
Kim Jee-woon,1
Chan-wook Park,1
John Krokidas,1
Leon Joosen,1
Aaron Seelman,1
Jeff Renfroe,1
James Duffy,1
Joseph Gordon-Levitt,1
Tommy Wirkola,1
Carl Rinsch,1
Craig Zisk,1
Fede Alvarez,1
Brian Percival,1
Justin Zackham,1
Daniel Schechter,1
Jeb Stuart,1
Jim Kouf,1
D.J. MacHale,1
Robert Downey Sr.,1
Roger Nygard,1
John Nicolella,1
Alain Chabat,1
Michael Cooney,1
Jorge Dorado,1
Caradog W. James,1
Yarrow Cheney,1
Bruno Dequier,1
Eran Creevy,1
Scott Walker,1
Jim Rash,1
Nat Faxon,1
SebastiÃ¡n Cordero,1
Jason Bateman,1
Kris Pearn,1
Mukunda Michael Dewil,1
Dan Mazer,1
Tze Chun,1
Matthew Weiner,1
Don Scardino,1
Jemaine Clement,1
Matt Shakman,1
Leigh Janiak,1
Jack Plotnick,1
Iain Forsyth,1
Jane Pollard,1
Peter Glanz,1
James Coyne,1
Olivier Dahan,1
Steven Bernstein,1
Josh Lawson,1
Brin Hill,1
James Griffiths,1
Paco Cabezas,1
GrÃ©gory Levasseur,1
Bradley King,1
John Butler,1
Josh C. Waller,1
Jill Soloway,1
Benson Lee,1
Vincent Grashaw,1
Chad Crawford Kinkle,1
Naomi Foner Gyllenhaal,1
Niels Arden Oplev,1
Charlie Stratton,1
Philippe Caland,1
Eric Heisserer,1
Eric Favela,1
Regis Schuller,1
Maggie Carey,1
Jeremy Degruson,1
Sandra Nettelbeck,1
Jon S. Baird,1
Terry McDonough,1
Fredrik Bond,1
Stu Zicherman,1
Chandran Rutnam,1
Lake Bell,1
Henry Saine,1
Simon Klose,1
Guillaume Canet,1
Jonathan Sobol,1
Yusry Abdul Halim,1
James Ward Byrkit,1
Keanu Reeves,1
Kasper Barfoed,1
Simon Barrett,1
Gregg Hale,1
Todd Burrows,1
Christopher Folino,1
Manuel Sicilia,1
David Lowery,1
Logan Miller,1
Liz W. Garcia,1
Todd Berger,1
Arnaud Larrieu,1
Gerard Johnstone,1
Peter Askin,1
Patrick Osborne,1
Paul Middleditch,1
Stacie Passon,1
Robert Kirbyson,1
Eugenio Mira,1
Devin McGinn,1
Jalmari Helander,1
David Grovic,1
Maya Forbes,1
W.D. Hogan,1
Chris Evans,1
Rob Thomas,1
Christopher Spencer,1
Stephanie Soechtig,1
Farren Blackburn,1
Anthony Silverston,1
Vlad Yudin,1
Emilio AragÃ³n,1
Russell Crowe,1
Julius Avery,1
Peter Lepeniotis,1
Ekachai Uekrongtham,1
HÃ©lÃ¨ne Cattet,1
Ernesto DÃ­az Espinoza,1
Bruno Forzani,1
Noboru Iguchi,1
Thomas Cappelen Malling,1
Banjong Pisanthanakun,1
SrÄ‘an SpasojeviÄ‡,1
YÃ»dai Yamaguchi,1
Blair Erickson,1
John Huddles,1
Adrian Moat,1
Thomas Lennon,1
Ben Gregor,1
Rob Meyer,1
Gary Entin,1
Angela Bettis,1
Jacob Vaughan,1
Omid Nooshin,1
Christopher Hatton,1
Jerusha Hess,1
Robin Campillo,1
Denis Hennelly,1
Calin Peter Netzer,1
Tom Elkins,1
Jean-Marie Larrieu,1
Leone Marucci,1
Liza Johnson,1
Paul Crowder,1
Fabrice Joubert,1
"Mark O""Hare",1
John O. Hartman,1
James Tucker,1
Laura Dern,1
Bryce Dallas Howard,1
Ashley Judd,1
Elliot Goldner,1
Zach Ingrasci,1
Sean Leonard,1
Chris Temple,1
Jason Lapeyre,1
Steve Moore,1
Joe Begos,1
Stephan Franck,1
Gabriela Cowperthwaite,1
Bryan Ortiz,1
Bryan Ramirez,1
Kerry Valderrama,1
Dave Grohl,1
Ben Peyser,1
George Isaac,1
Darren Paul Fisher,1
Bonner Bellew,1
Paul Hough,1
Jacob Kornbluth,1
John Burgess,1
Mark Webber,1
Lee Hardcastle,1
Mark Christopher Covino,1
Jeff Howlett,1
David A. Armstrong,1
Danny Mooney,1
Duane Adler,1
Kevin King,1
Scott Rutherford,1
Shawn Piller,1
Anthony Fabian,1
Chris Mason Johnson,1
Johan Earl,1
Adrian Powers,1
Egidio Coccimiglio,1
Garrett Batty,1
Marina de Van,1
Peter Wellington,1
Alexandre Moors,1
Matt Jespersen,1
Mark Mori,1
Benjamin Epps,1
Brendan Maher,1
Sarah Siegel-Magness,1
Benedikt Erlingsson,1
Victor Gonzalez,1
Frank Pavich,1
James Payne,1
Rob Meltzer,1
Ed Gass-Donnelly,1
Vince Offer,1
Rick Rowley,1
Stuart Connelly,1
Malik Bader,1
BJ McDonnell,1
Aram Rappaport,1
Arnaud des PalliÃ¨res,1
Jordan Barker,1
Christopher Roosevelt,1
Cody Calahan,1
Valeria Golino,1
Maciej Pieprzyca,1
Dominic Harari,1
Teresa Pelegri,1
Rithy Panh,1
Cullen Hoback,1
Anthony Mandler,1
Joel Allen Schroeder,1
Emily Hagins,1
Richard Gabai,1
Giulio De Santi,1
Uberto Pasolini,1
Pat Kiely,1
Ryan White,1
Benjamin Turner,1
Richard Boddington,1
Antoni Stutz,1
Richard Raaphorst,1
Clio Barnard,1
Jung Geun-sub,1
Zack Parker,1
Damien Leone,1
Wojciech Smarzowski,1
Stuart Richardson,1
Pang Eun-Jin,1
HernÃ¡n Goldfrid,1
Declan Lowney,1
Zachary Donohue,1
James Hawes,1
Mark Levinson,1
Saschka Unseld,1
Shana Betz,1
Evelyn Purcell,1
Jonathan Judge,1
Marco Ristori,1
Danny Tull,1
Adam Neutzsky-Wulff,1
Herschel Faber,1
Matthew Arnold,1
Roger Christian,1
Kohl Glass,1
Matthew Warchus,1
Michael Berry,1
MÃ¡rcio Garcia,1
Daniel Lusko,1
Brett Donowho,1
Anthony Leonardi III,1
Kate Davis,1
David Heilbroner,1
Gia Coppola,1
Jennifer Kent,1
Ben Falcone,1
James Kent,1
Sarik Andreasyan,1
Craig Johnson,1
Jason Stone,1
Akiva Goldsman,1
Miko Hughes,1
Peter Sattler,1
Sam Miller,1
Justin Reardon,1
Hossein Amini,1
Nils Timm,1
Alexs Stadermann,1
Tom Gormican,1
Bert Kish,1
Richie Mehta,1
Roger Roth,1
Shane Salerno,1
Giorgia Farina,1
David F. Sandberg,1
Richard Robbins,1
Teller,1
HyeonJong Lee,1
Patrick Rea,1
Nikolay Lebedev,1
Sini Anderson,1
Sara St. Onge,1
David Morley,1
JonÃ¡s CuarÃ³n,1
Jorge RamÃ­rez SuÃ¡rez,1
Duane Journey,1
Ryan Perez,1
Francis Whately,1
Rob Kuhns,1
Ben Nott,1
Christian Bisceglia,1
Ascanio Malgarini,1
Adam Rogers,1
Brad Osborne,1
Lauren MacMullan,1
Tina Gordon Chism,1
Jon Burton,1
"Greg ""Freddy"" Camalier",1
Sean Olson,1
Andrew Weiner,1
Lisa James Larsson,1
Yann Gonzalez,1
Eric Walter,1
Shaul Schwarz,1
Brad J. Silverman,1
Paolo Zucca,1
Diablo Cody,1
Adolfo Alix Jr.,1
Brian Spitz,1
John McKay,1
Linda Bloodworth-Thomason,1
Daniel SÃ¡nchez ArÃ©valo,1
Alison Ellwood,1
Gus Holwerda,1
Kaleb Lechowski,1
Daniel Percival,1
Nate Meyer,1
Lionel Baier,1
Christopher Storer,1
Bo Burnham,1
Zachary Heinzerling,1
Riccardo Paoletti,1
Travis Mathews,1
David Boyd,1
John Ridley,1
Ivan Sen,1
Abe Levy,1
Silver Tree,1
Anthony Powell,1
Daric Gates,1
Chris James Thompson,1
Brad Copeland,1
Maria Sole Tognazzi,1
Rob McLellan,1
Fyodor Bondarchuk,1
Ed Burke,1
BeyoncÃ© Knowles,1
Paul Soter,1
Marc Bauder,1
Connor McGuire,1
Colin McGuire,1
Gianfranco Rosi,1
Jason Wise,1
Herman Yau,1
ValÃ©rie Lemercier,1
Randy Moore,1
Merete Mueller,1
Lawrence Shapiro,1
Chadd Harbold,1
Alonso Mayo,1
Jessie McCormack,1
Thomas Gomez Durham,1
Katie Graham,1
Andrew Matthews,1
"Anthony D""Souza",1
Bob Smeaton,1
Matt Johnson,1
Mike Lerner,1
Maxim Pozdorovkin,1
Emmanuel Naccache,1
Karl Mueller,1
Joe Marino,1
Anurag Kashyap,1
Zoya Akhtar,1
Simone Bartesaghi,1
Damien Chazelle,1
Robert Stromberg,1
Stiles White,1
Sergey Bodrov,1
Gary Shore,1
James Komack,1
George Bowers,1
Jim Wheat,1
Paul King,1
R.J. Cutler,1
Trish Sie,1
Christian Ditter,1
Gabe IbÃ¡Ã±ez,1
Wally Pfister,1
Tristram Shapeero,1
Dan Gilroy,1
Andrea Di Stefano,1
Jorge R. Gutierrez,1
Theodore Melfi,1
Max Nichols,1
Henrik Ruben Genz,1
Graham Annable,1
Drew Pearce,1
Nick Powell,1
AndrÃ© Pellenz,1
Laurent Malaquais,1
David Higby,1
Tom Berninger,1
Beth McCarthy-Miller,1
Rob Ashford,1
George Ogilvie,1
Ava DuVernay,1
David Greenwalt,1
Arna Selznick,1
Robin Steele,1
Mike Johnson,1
Steve Box,1
ClÃ©ment Virgo,1
Michael LaBash,1
Cory Edwards,1
Andrew Seklir,1
Geeta Patel,1
Ravi Patel,1
Rory Karpf,1
Chad Stahelski,1
David Leitch,1
Claude Lanzmann,1
Lisa Gottlieb,1
Jay Holben,1
Jon Kondelik,1
Elias Benavidez,1
Mike Kochansky,1
Andreas Borghi,1
James Moran,1
Nelson George,1
Tim Kinzy,1
Ken Wheat,1
Harry Harris,1
Daniel Attias,1
Walter Murch,1
Rudy De Luca,1
Jonathan R. Betuel,1
Howard Storm,1
Ryan Patch,1
Duncan Tucker,1
Kieth Merrill,1
Paul Provenza,1
Barbara Kopple,1
Stefan Schwartz,1
Michael Hurst,1
Bruce Hunt,1
Shaun Monson,1
Liev Schreiber,1
Eric Fogel,1
Kallan Kagan,1
Jay Lowi,1
Andrew Jimenez,1
Susan Stroman,1
Paul Mayeda Berges,1
Michael Traeger,1
Rob McKittrick,1
Hunter Richards,1
Gary Chapman,1
Michael Goguen,1
David J. Burke,1
David Steiman,1
Bill Kopp,1
Kirk R. Thatcher,1
Todd Edwards,1
Tony Leech,1
Gary David Goldberg,1
Florent-Emilio Siri,1
Mike Bigelow,1
Niall Johnson,1
Jean-FranÃ§ois Richet,1
Dave McKean,1
Jane Preston,1
Gary Leva,1
Michael Medaglia,1
Robert Gordon,1
John Swetnam,1
Guillermo Amoedo,1
Paul Johnson,1
John Goldschmidt,1
Mink,1
John Gatins,1
James Steven Sadwith,1
Dominique FurgÃ©,1
Audu Paden,1
Andy GarcÃ­a,1
Michael Bregman,1
Amy Rice,1
Stephen Fung,1
Sergei Bodrov Jr.,1
Lee Myung-Se,1
Ã‡aÄŸan Irmak,1
Dominik Moll,1
Pete Michels,1
Hans Canosa,1
Alison Murray,1
Michel Ocelot,1
BÃ©nÃ©dicte Galup,1
Jessica Nilsson,1
Ki-hwan Oh,1
Alan Mak,1
Kevin Bacon,1
David LaChapelle,1
Jeremy Haft,1
Bruno Solo,1
"Yvan Le Bolloc""h",1
"Billy O""Brien",1
David van Eyssen,1
Alexander Gruszynski,1
David Winkler,1
Erwin Wagenhofer,1
Hamish Hamilton,1
Andrew Leman,1
RÃ©mi BezanÃ§on,1
Brian W. Cook,1
Philip Adrian Booth,1
John Hay,1
John Asher,1
Brian Flemming,1
Hermine Huntgeburth,1
Felix Thompson,1
Dru Brown,1
Michael Goldfine,1
Joel Potrykus,1
Alex Garcia Lopez,1
Antonio Padovan,1
Bryan Norton,1
Marc Roussel,1
Elliot Hegarty,1
Andrew Drazek,1
Robert Mond,1
Scott Dow,1
Philippe Le Guay,1
Peter Hutchings,1
Samantha Futerman,1
Ryan Miyamoto,1
Nicholas Mastandrea,1
Jim Sonzero,1
Brian Pimental,1
Jessica Bendinger,1
Craig Rosenberg,1
Liz Friedlander,1
Rich Thorne,1
Walter P. Martishius,1
Will Meugniot,1
Greg Coolidge,1
Howard E. Baker,1
John Fox,1
Kyungho Lee,1
Hans Horn,1
Jill Culton,1
Simon Brand,1
Amol Palekar,1
Joe Ranft,1
"Steve ""Spaz"" Williams",1
Stefen Fangmeier,1
Alejandro Agresti,1
Mark Palansky,1
James Gartner,1
Wilson Yip,1
Erica Forstadt,1
Jeff Shuter,1
Daniel Viney,1
Emmanuel CarrÃ¨re,1
Jessica Joy Wise,1
Jeff Feuerzeig,1
Pascal Thomas,1
Christian Vincent,1
Billy Kent,1
Bassam Kurdali,1
Sanjay Gadhvi,1
Christopher Nielsen,1
David Moore,1
Nacho CerdÃ,1
Bryan Bockbrader,1
Alex Pillai,1
Patrick Stettner,1
John Shiban,1
Paolo VirzÃ¬,1
Denis Dercourt,1
Rafaele Ravinet-Virbel,1
Paul Bolger,1
Yvette Kaplan,1
Greg Tiernan,1
Michael O. Sajbel,1
Phillip J. Bartell,1
Christopher Reeve,1
Colin Brady,1
Laurie Collyer,1
AgustÃ­n DÃ­az Yanes,1
Liam Lynch,1
Bob Richardson,1
Gary Lennon,1
Richard Claus,1
John Laing,1
DaniÃ¨le Thompson,1
Susannah Grant,1
Gregory J. Read,1
Robert Moresco,1
David Von Ancken,1
Jason Todd Ipson,1
Murali K. Thalluri,1
Goran Dukic,1
Ann Turner,1
Jeremy Brock,1
Johnnie To,1
Ringan Ledwidge,1
Gregory Dark,1
Josh Forbes,1
James Healey,1
Kristina Goolsby,1
Ashley York,1
Christian Robinson,1
Scott Glosserman,1
Katherine Brooks,1
Jonathan King,1
Kelly Nyks,1
Aaron Keeling,1
Austin Keeling,1
Don Argott,1
Sheena M. Joyce,1
Christopher K. Walker,1
Michael Beach Nichols,1
Keith Arem,1
Jamal Hill,1
Frank Hall Green,1
Crystal Moselle,1
Kent Moran,1
Aziz Ansari,1
Diane Bell,1
Jared P. Scott,1
Peter D. Hutchison,1
Ed Stone,1
Douglas Gordon,1
Philippe Parreno,1
Sue Kramer,1
Nick Guthe,1
Ben Jones,1
Matt Youngberg,1
Michael Ian Black,1
Eric Lartigau,1
Finn Taylor,1
Jeff McQueen,1
Chris Paine,1
JiÅ™Ã­ Menzel,1
Yasuhiro Yoshiura,1
David Arquette,1
Doug Atchison,1
Charles Winkler,1
Matt Checkowski,1
John Jeffcoat,1
Thomas Bangalter,1
Guy-Manuel de Homem-Christo,1
Suzie Templeton,1
JÃ©rÃ´me Cornuau,1
Peter Djigirr,1
Michael W. Watkins,1
Kunihiko Yuyama,1
Drew Heriot,1
Jonny Campbell,1
David Nelson,1
Greg Glienna,1
Michael Arias,1
David Jackson,1
Xavier Giannoli,1
Alexander Bulkley,1
Bruno Chiche,1
Ryoo Seung-wan,1
Eric Bress,1
J. Mackye Gruber,1
Alexander Witt,1
Phil Tippett,1
Paul Dinello,1
Michelle MacLaren,1
Craig Singer,1
Hal Haberman,1
Jeremy Passmore,1
Richard Brandes,1
Bryan Barber,1
Chris R. Notarile,1
Dony Permedi,1
Jafar Panahi,1
Laurent Tuel,1
Takashi Miike,1
Dane Cook,1
Laurence Malkin,1
Russell Barnes,1
Joel Bender,1
David Mallet,1
William Heins,1
Wil Shriner,1
Mark Fergus,1
Eric Steel,1
Emmanuel Mouret,1
Frank Sebastiano,1
Claude Chabrol,1
Asia Argento,1
Daniel Taplitz,1
Omar Naim,1
Christopher Erskin,1
Charles S. Dutton,1
Shainee Gabel,1
Shinobu Yaguchi,1
Mitch Rouse,1
Scott Ziehl,1
Brad McGann,1
Pieter Jan Brugge,1
John Downer,1
William Butler,1
Frank E. Flowers,1
Shona Auerbach,1
Yang Yun-ho,1
Enki Bilal,1
Philippe HaÃ¯m,1
Sharon Bridgeman,1
Laurence Dunmore,1
Charles Dance,1
Philippe Martinez,1
Chazz Palminteri,1
Niels Mueller,1
Kerry Conran,1
Lynne Southerland,1
Stephen Hillenburg,1
Jeff Schaffer,1
Will Finn,1
John Sanford,1
Carole Holliday,1
Theresa Cullen,1
Holger Tappe,1
Hatsuki Tsuji,1
Eytan Fox,1
Peter Merwin,1
Nicolas Boukhrief,1
Alex Turner ( II ),1
Jessica Sharzer,1
Patrick Leung,1
T.C. Christensen,1
Ben Jehoshua,1
Alice Wu,1
Mick Davis,1
Tony Piccirillo,1
William Arntz,1
Betsy Chasse,1
Lenard Fritz Krawinkel,1
Rustam Branaman,1
Eric Schaeffer,1
Khoa LÃª,1
FrÃ©dÃ©ric Tcheng,1
Douglas Mackinnon,1
Tom Daley,1
Karan Malhotra,1
Sonny Mallhi,1
J. Clay Tweel,1
Amy S. Weber,1
LazRael Lison,1
Basel Owies,1
Josh Mond,1
Kent Jones,1
Benjamin Statler,1
"Brian James O""Connell",1
William Crain,1
Fernando Di Leo,1
William F. Claxton,1
Gerard Barrett,1
Angela Bassett,1
Ben Safdie,1
Joshua Safdie,1
Victor Zarcoff,1
Sandra Werneck,1
Russ Malkin,1
David Alexanian,1
Zana Briski,1
Ross Kauffman,1
Eugenio MartÃ­n,1
Adrian Maben,1
Barry Shear,1
Bob Swerer Sr.,1
Bob Swerer Jr.,1
Jean-Xavier de Lestrade,1
Roland Suso Richter,1
Alejandro Lozano,1
Rajkumar Santoshi,1
Ondi Timoner,1
Walter Carvalho,1
Juliusz Machulski,1
Wendy Apple,1
Michael Clancy,1
Matthew Hastings,1
Tristan Aurouet,1
Gilles Lellouche,1
Chris Stokes,1
Dick Proenneke,1
Jon Drever,1
Ara Paiaya,1
J.G. Quintel,1
Mickey Keating,1
Saverio Costanzo,1
Andy Palmer,1
Raul Garcia,1
JR,1
Bryan Carberry,1
L. Gustavo Cooper,1
Charles de Lauzirika,1
Ding Sheng,1
StÃ©phanie Joalland,1
Trey Nelson,1
Khalil Sullins,1
Janet Grillo,1
Andrew Martin,1
Scott Beck,1
Nikole Beckwith,1
Desiree Akhavan,1
Jarret Tarnol,1
Andrew Morgan,1
David Zellner,1
Evan Johnson,1
Patrick Robert Young,1
Powell Robinson,1
Chad Michael Ward,1
Sean Cain,1
Brent Hodge,1
Derik Murray,1
Ezna Sands,1
Colin Hanks,1
Fred Savage,1
Adrienne Shelly,1
Andrzej Wajda,1
Mark Helfrich,1
John August,1
Aristomenis Tsirbas,1
Koen Mortier,1
Robin Swicord,1
Steve Bendelack,1
Kirsten Sheridan,1
Joby Harold,1
Mennan Yapo,1
Andrew Waller,1
Dave Meyers,1
Gregory Wilson,1
Zach Helm,1
Jay Sandrich,1
Barbara Peeters,1
Art Linson,1
Alvin Rakoff,1
Richard Elfman,1
Stephen J. Anderson,1
Brendan Cowles,1
Shane Kuhn,1
Florian Cossen,1
Marco Ponti,1
Shawn Rasmussen,1
Michael Rasmussen,1
William Wiard,1
Robert Houston,1
Paul Lynch,1
Jerry London,1
Robert Berlinger,1
Tony Mitchell,1
Andrews Jenkins,1
J. Michael Straczynski,1
Sara Barnes,1
Luis Piedrahita,1
Rodrigo SopeÃ±a,1
GÃ©rard Krawczyk,1
Robert Shaye,1
Henry Miller,1
AdriÃ  GarcÃ­a,1
VÃ­ctor Maldonado,1
Matt Maiellaro,1
Dave Willis,1
Jim Capobianco,1
Iain B. MacDonald,1
Jieho Lee,1
Martin Gero,1
Jonah Markowitz,1
David McKay,1
Bernie Goldmann,1
Melisa Wallack,1
Isaac Webb,1
David Ross,1
David Attwood,1
Nadia Conners,1
Leila Conners,1
David Nerlich,1
J.P. Schaefer,1
Franck Mancuso,1
Marc Klein,1
Jeff Betancourt,1
Claudio Cupellini,1
Zev Berman,1
Dan Reed,1
Jan Sebastian Ballhaus,1
Tomm Coker,1
David Elliot,1
Feng Xiaogang,1
Bill Guttentag,1
Stuart Townsend,1
Mitchell Lichtenstein,1
RÃ©gis Wargnier,1
Osamu Dezaki,1
Peter Flinth,1
Steven J. Santos,1
Ana Clavell,1
James Glenn Dudelson,1
Kit Ryan,1
David Auburn,1
Tom Kalin,1
Glenn Standring,1
Christopher Duddy,1
David Flores,1
Eric Amadio,1
C.B. Harding,1
Mary Stuart Masterson,1
Scott Marshall Smith,1
Leslie Iwerks,1
Adrian Shergold,1
Zoe R. Cassavetes,1
Daniel Waters,1
Karl DiPelino,1
Anees Bazmee,1
Christian Charles,1
Scott Thomas,1
Laurent Boutonnat,1
Alex Holdridge,1
Martin Hynes,1
Preston A. Whitmore II,1
Hank Braxtan,1
Evgeny Afineevsky,1
Andrea Molaioli,1
Esteban Sapir,1
Tom Roberts,1
Jess Manafort,1
Deborah Kampmeier,1
Daniel Cohen,1
Will Yapp,1
John Kalangis,1
Takeshi Kitano,1
Claude Lelouch,1
Nanni Moretti,1
RaÃºl Ruiz,1
Elia Suleiman,1
Tsai Ming-Liang,1
Zhang Yimou,1
Sam Garbarski,1
Dario Piana,1
Franck Vestiel,1
Theo Angelopoulos,1
Youssef Chahine,1
Manoel de Oliveira,1
Raymond Depardon,1
Amos Gitai,1
Hou Hsiao-Hsien,1
Dagen Merrill,1
Tomasz Konecki,1
Andrzej Saramonowicz,1
Brett Harvey,1
Olivier Baroux,1
Daniel G. Karslake,1
Tinto Brass,1
David Lowell Rich,1
Grant Gee,1
Pearry Reginald Teo,1
Sajid Khan,1
Frank A. Cappello,1
Thomas Mignone,1
"Andrew O""Connor",1
Alexandra LeclÃ¨re,1
Luis CÃ¡mara,1
Galen T. Chu,1
Petr JÃ¡kl Jr.,1
Eshom Nelms,1
Ian Nelms,1
Kief Davidson,1
Daniel Junge,1
Marina Zenovich,1
Matthew Kennedy,1
Jordan Galland,1
Neil Mcenery-West,1
Alistair Legrand,1
Adam Schindler,1
Mariah Carey,1
Steve Wolsh,1
Andrew Jones,1
Daniel Duran,1
Joel Silberg,1
Charles E. Sellier Jr.,1
Marvin J. Chomsky,1
John Derek,1
Bruno Mattei,1
Douglas Cheek,1
Luca Bercovici,1
Donald P. Bellisario,1
Tony Aloupis,1
Jason Schnell,1
Chris Messina,1
Alvy Ray Smith,1
Richard Tuggle,1
John Korty,1
W.D. Richter,1
Fritz Kiersch,1
Joey Kuhn,1
Ben Chanan,1
Tyler Shields,1
Zachary Sluser,1
Jonathan M. Gunn,1
Guido Chiesa,1
Sean Cisterna,1
Justin Trefgarne,1
Giulio Paradisi,1
Jeff Margolis,1
Adam Mason,1
Sam Friedlander,1
Kenny Gage,1
Devon Downs,1
Alberto Marini,1
Emily Ting,1
Paul Brickman,1
Alan Johnson,1
Steve Carver,1
Clive A. Smith,1
Lewis John Carlino,1
Rick Moranis,1
Dave Thomas,1
Martin Davidson,1
Chris Blaine,1
Adam Egypt Mortimer,1
Jason Stutter,1
Eli Morgan Gesner,1
Charles Hood,1
Isaac Gabaeff,1
Angelo Pizzo,1
Joe Alves,1
Branden Kramer,1
Aisling Walsh,1
Stephen Fingleton,1
Thierry Poiraud,1
Nick Wernham,1
David Yarovesky,1
Jason Aron,1
Ben Blaine,1
Fabrizio Conte,1
Alex Kalymnios,1
Kris Swanberg,1
Jed Mercurio,1
Jay Alaimo,1
Jeppe RÃ¸nde,1
Adam MacDonald,1
Anna Mastro,1
Jean-Paul Rappeneau,1
Peter Hall,1
Tab Murphy,1
Desmond Nakano,1
Costa Botes,1
Julien Soret,1
Brett Haley,1
Lee Friedlander,1
Holly Goldberg Sloan,1
Stacy Title,1
Shin Sang-ok,1
Lesli Linka Glatter,1
Chris Gerolmo,1
Phillip Borsos,1
John N. Smith,1
Michael Henry Wilson,1
Andrew Sipes,1
Philip Davis,1
Paul Auster,1
Stephen Gyllenhaal,1
Christopher Monger,1
Simon Langton,1
James D.R. Hickox,1
Robert Markowitz,1
Robert Hiltzik,1
Bruce Gowers,1
Lamont Johnson,1
Allison Anders,1
Alexandre Rockwell,1
Robert Longo,1
Alfonso ArÃ¡u,1
Gregory Widen,1
Norman RenÃ©,1
Claude Sautet,1
Lina WertmÃ¼ller,1
Brenton Spencer,1
Morten Lindberg,1
Gerald Potterton,1
Steve Gordon,1
Georges Lautner,1
Mitch Davis,1
Caryn Waechter,1
Gary Sinise,1
Dale Launer,1
Bill Kroyer,1
Larry Ferguson,1
Fran Rubel Kuzui,1
Rupert Harvey,1
Mika KaurismÃ¤ki,1
Chris Sparling,1
Matt Winn,1
Adam Salky,1
Stuart McDonald,1
Jimmy Chin,1
Elizabeth Chai Vasarhelyi,1
Sanjay Patel,1
David Farr,1
Marc Furmie,1
Francesco Cinquemani,1
Jeremy Lalonde,1
Robbie Pickering,1
JosÃ© Manuel Cravioto,1
Alec Gillis,1
Reed Morano,1
Bruce D. Clark,1
Charles Jarrott,1
Tom DeSimone,1
George Mihalka,1
Frank De Felitta,1
Ed Hunt,1
Alan J.W. Bell,1
Paris Barclay,1
Mora Stephens,1
FranÃ§ois Simard,1
Anouk Whissell,1
Yoann-Karl Whissell,1
Aaron Hann,1
Mario Miscione,1
Burt Reynolds,1
Mickey Rose,1
John Baumgartner,1
Austin Stark,1
Jennifer Phang,1
Ariel Kleiman,1
Kim Farrant,1
Tony McNamara,1
Christopher Zalla,1
Anthony Wonke,1
Saul Swimmer,1
Umberto Lenzi,1
Desmond Davis,1
Dan Fraga,1
Stanton Barrett,1
Michael Bafaro,1
Will Slocombe,1
Erik Canuel,1
Bill CouturiÃ©,1
Jim Mallon,1
John Payson,1
Leonardo Pieraccioni,1
Martin Lawrence,1
Eric Leighton,1
Rob LaDuca,1
Robert C. Ramirez,1
Paul Sabella,1
Al Pacino,1
Tom DeCerchio,1
Vincent Kok,1
Jacques Audiard,1
Krishna Rao,1
Adam Grossman,1
Diarmuid Lawrence,1
Michael Goldenberg,1
Stanley Tucci,1
Campbell Scott,1
Farhad Mann,1
Rick Friedberg,1
Steven Baigelman,1
Jason Bloom,1
Larry Leker,1
Kevin Yagher,1
Annette Haywood-Carter,1
Gilbert Adler,1
Jim Wilson,1
Hettie MacDonald,1
Edward Burns,1
Tim Pope,1
Jerry Zaks,1
Michel Lemire,1
Eric Blakeney,1
John Blanchard,1
Robert Lee King,1
Michael Dudok de Wit,1
Anne Heche,1
Joan Chen,1
Gerard Stembridge,1
Fina Torres,1
Richard Clabaugh,1
Kris Isacsson,1
Masamitsu Hidaka,1
Hiroyuki Kitakubo,1
Bruce Paltrow,1
Kathi Castillo,1
Michael Coldewey,1
Mamoru Hosoda,1
Shigeyasu Yamauchi,1
Edward Norton,1
Janusz Kaminski,1
Matt Williams,1
David Raynr,1
Stig Bergqvist,1
Ed Bye,1
Ralph Eggleston,1
Antony Hoffman,1
Douglas McCarthy,1
Stephen T. Kay,1
Joe Charbanic,1
John Ottman,1
Pontus LÃ¶wenhielm,1
Patrick von Krusenstjerna,1
Vidhu Vinod Chopra,1
Steve Smith,1
Diane Keaton,1
Jenniphr Goodman,1
Guy Moore,1
Ken Finkleman,1
Dianne Jackson,1
Patricia Birch,1
Ken Sanzel,1
Adam Massey,1
Ted Geoghegan,1
Mark Henn,1
Des McAnuff,1
John Swanbeck,1
Steven Robman,1
Olaf Lubaszenko,1
Andrew Mogel,1
Jarrad Paul,1
Howy Parkins,1
Christopher Leone,1
Robert Budreau,1
Axelle Carolyn,1
Ryan Schifrin,1
John Skipp,1
Dominic Anciano,1
Josef Fares,1
Terry Winsor,1
Rob Spera,1
Nick Simon,1
Robert Carlyle,1
Marya Cohn,1
Jeremy M. Inman,1
Igor Kovalyov,1
Hiroshi Aoyama,1
Kazumi Fukushima,1
Wei Tung,1
Johathan Darby,1
David Veloz,1
Richard Martin,1
Hype Williams,1
James Merendino,1
Willard Carroll,1
Skip Woods,1
Predrag AntonijeviÄ‡,1
Dean Semler,1
Marshall Herskovitz,1
Alan Cohn,1
John Warren,1
Joe Giannone,1
Tony Bancroft,1
Tom Ellery,1
Vincent Ward,1
JesÃºs Salvador TreviÃ±o,1
Mark Christopher,1
Cullen Blaine,1
Dale Case,1
Boaz Davidson,1
Michael Miller,1
Damiano Damiani,1
Robert J. Rosenthal,1
Cheung Yam-Yim,1
Slava Tsukerman,1
Amy Holden Jones,1
Allan Holzman,1
Robert Radler,1
Peter Bonerz,1
Chris Walas,1
Dan Kuenster,1
Eddie Murphy,1
Brian Cosgrove,1
Masami Hata,1
William T. Hurtz,1
Nick Robertson,1
Sarah Kelly,1
Simon Shore,1
Toshihiko Masuda,1
John Roberts,1
Vikram Bhatt,1
Mark DiSalle,1
David Worth,1
Roxanne Benjamin,1
Tim Russ,1
Craig Macneill,1
Jason Krawczyk,1
Simon Hung,1
Pamela Romanowsky,1
Grant Harvey,1
Steven Hoban,1
David Moreton,1
David Breashears,1
Stephen Judson,1
Greg MacGillivray,1
Bob Saget,1
Anthony Drazan,1
Sarah Kernochan,1
John Pieplow,1
Al Reinert,1
Michael Pressman,1
Dan Aykroyd,1
Jacques Rivette,1
Jack Bender,1
William A. Graham,1
Lili Fini Zanuck,1
Albert Brooks,1
David Burris,1
Matthew Heineman,1
Antoine Bardou-Jacquet,1
Jason Lei Howden,1
Richard Greenberg,1
Don Boyd,1
JosÃ© Luis Cuerda,1
Neri Parenti,1
Jay Levey,1
Chad Burns,1
Ron Scalpello,1
Ross Duffer,1
Matt Duffer,1
Tom Gianas,1
Ross Shuman,1
Rick Morales,1
Steve Kloves,1
Dorian Walker,1
David Webb Peoples,1
Joan Micklin Silver,1
Graeme Clifford,1
David Dawkins,1
Chris Hegedus,1
Valerie Breiman,1
Jerry Kramer,1
Jim Blashfield,1
Bud Smith,1
Mou Tun-fei,1
Yahoo Serious,1
Fred Olen Ray,1
Richard Boden,1
Bud Yorkin,1
George Scribner,1
Charles Crichton,1
James Signorelli,1
Carl Schultz,1
Stephen Chiodo,1
Sammo Hung,1
Stan Winston,1
Colin Chilvers,1
Maria Lease,1
Michael Karbelnikoff,1
Eleanor Coppola,1
Fax Bahr,1
Marisa Silver,1
Terence Hill,1
James Lapine,1
Newt Arnold,1
GÃ©rard Lauzier,1
Ate de Jong,1
Screaming Mad George,1
Bryan Gordon,1
Kristine Peterson,1
Mark Aldo Miceli,1
Jorge Montesi,1
Nadia Tass,1
Jeffrey Bloom,1
Nikita Mikhalkov,1
RenÃ© Laloux,1
Marek Kanievska,1
Eugene Marner,1
Christopher Leitch,1
Y.K. Kim,1
Woo-sang Park,1
Peter George,1
Vladimir Grammatikov,1
Luis Valdez,1
Enzo Barboni,1
Percy Adlon,1
Albert Band,1
Michele Soavi,1
Robert K. Weiss,1
Marilyn Fox,1
Jim Drake,1
Michael Gornick,1
Tom Mankiewicz,1
Peter Harris,1
Gary Goddard,1
Jerry Rees,1
J. Michael Muro,1
Robert Bierman,1
William Wesley,1
RamÃ³n MenÃ©ndez,1
Donald G. Jackson,1
R.J. Kizer,1
Andrew Solt,1
Ray Patterson,1
Brian Mills,1
Michael Showalter,1
Matt Osterman,1
Carl Urbano,1
Roger Vadim,1
Anthony Harvey,1
George Dunning,1
Melville Shavelson,1
Michael Reeves,1
Travis Cluff,1
Chris Lofing,1
Stephen Greene,1
Andrew Renzi,1
David Feiss,1
Corin Hardy,1
James Vanderbilt,1
Dan Fogelman,1
Ryan Gosling,1
Jackie Earle Haley,1
Michael Petroni,1
Morgan Matthews,1
Anthony Burns,1
Sean McCormack,1
Jill Bauer,1
Ronna Gradus,1
Lee Harry,1
Alan Grint,1
Bruce Pittman,1
Paul Sommers,1
James Ford Murphy,1
Christian Cantamessa,1
Miguel Ãngel Vivas,1
Brady Corbet,1
Stuart Millar,1
Jack Starrett,1
Ellen Hovde,1
Muffie Meyer,1
Jack Arnold,1
George Marshall,1
Richard Thorpe,1
Rudolph MatÃ©,1
Max Joseph,1
Mary Agnes Donoghue,1
Sean Mewshaw,1
Peter Davis,1
Jim Sharman,1
Don Edmonds,1
L.Q. Jones,1
Tom Gries,1
Brian Clemens,1
Marjane Satrapi,1
Kazuaki Kiriya,1
David Sandberg,1
Luca Guadagnino,1
Etan Cohen,1
Daniel Alfredson,1
Sarah Gavron,1
Jeff Gillen,1
Alan Ormsby,1
H.B. Halicki,1
Steve Peterson,1
Saul Bass,1
Jim Clark,1
Michael Benveniste,1
Howard Ziehm,1
Marielle Heller,1
Joseph Green,1
Ray Milland,1
Herk Harvey,1
Larry Roemer,1
Ubaldo Ragona,1
Sidney Salkow,1
Arthur Lubin,1
Leigh Whannell,1
Colin Teague,1
Gerado Olivares,1
Otmar Penker,1
Duke Johnson,1
S. Craig Zahler,1
Matt Brown,1
Stephen S. Campanelli,1
Gregory Plotkin,1
John Maclean,1
Paul Tibbitt,1
Rupert Goold,1
Mark Burton,1
Richard Starzack,1
Joachim Trier,1
Levan Gabriadze,1
Morton DaCosta,1
Peter Graham Scott,1
Vittorio De Sica,1
Federico Fellini,1
Luchino Visconti,1
Mario Monicelli,1
Andrew Marton,1
Bernhard Wicki,1
Norman Cohen,1
Harry KÃ¼mel,1
Bob Hathcock,1
Tom Stoppard,1
David Green,1
Ralph S. Singleton,1
Joseph Barbera,1
William Hanna,1
Ari Sandel,1
Doug Ellin,1
Jeremy Garelick,1
Dean Israelite,1
Lee H. Katzin,1
Peter Watkins,1
Elaine May,1
Giuliano Montaldo,1
Kenneth Anger,1
Mel Stuart,1
Boris Sagal,1
George Sherman,1
Gordon Parks,1
Peter Duffell,1
Dalton Trumbo,1
A. Todd Smith,1
George Sidney,1
Richard Quine,1
Mihalis Kakogiannis,1
Byron Haskin,1
Paul Henreid,1
Jules Dassin,1
Nathan H. Juran,1
Peter Glenville,1
Elia Kazan,1
Jack Donohue,1
Austen Jewell,1
Marlon Brando,1
Yuri Chulyukin,1
Frank Capra,1
George Pal,1
Michael Powell,1
Aleksander Bach,1
Jean-Baptiste LÃ©onetti,1
John Francis Daley,1
Jonathan M. Goldstein,1
Henry Hobson,1
Joel Edgerton,1
Michael Curtiz,1
Robert Rossen,1
Ann Hui,1
Raymond Lee Wai-Man,1
Jeff Lau,1
Clyde Geronimi,1
Hamilton Luske,1
Jerome Robbins,1
Alexander Mackendrick,1
Robert Eggers,1
Bill Murray,1
Harry Hook,1
Bob Logan,1
Cedric Sundstrom,1
Martin Sheen,1
Jennie Livingston,1
Dave Allen,1
King Hu,1
Robert Klane,1
Richard Compton,1
John Power,1
Bruce Joel Rubin,1
Tom Clegg,1
E. Max Frye,1
Mark Jones,1
Larry Sulkis,1
Yorgos Lanthimos,1
Charles B. Pierce,1
Joseph Vilsmaier,1
Krzysztof KieÅ›lowski,1
Adam Marcus,1
Gene Quintano,1
Tom Ropelewski,1
Thomas Schlamme,1
Alfred Sole,1
Larry Peerce,1
Peter Clifton,1
Joe Massot,1
Nico Mastorakis,1
Jimmy Wang Yu,1
Afonso Poyart,1
Ilya Naishuller,1
Budd Boetticher,1
David Miller,1
Wolf Rilla,1
Frank Tashlin,1
John Llewellyn Moxey,1
Robert Moore,1
Richard T. Heffron,1
Nicolas Gessner,1
Charles Walters,1
Eliot Elisofon,1
Daniel Mann,1
James Hill,1
Fielder Cook,1
Alan Rafkin,1
Bruce Brown,1
Alex Garland,1
Richard A. Colla,1
Buck Henry,1
Eric Idle,1
Gary Weis,1
Colin Eggleston,1
Ben Washam,1
FranÃ§ois Truffaut,1
Leslie H. Martinson,1
Marshall Brickman,1
Derek Jarman,1
BÃ©la Ternovszky,1
Karen Shakhnazarov,1
Richard Wenk,1
Ted Nicolaou,1
Enrico Oldoini,1
John Alan Schwartz,1
Charles McCracken,1
Nelson Shin,1
Stephen King,1
Anthony Perkins,1
Mike Marvin,1
Liu Chia-Liang,1
Christopher Morahan,1
Richard W. Haines,1
Arthur Allan Seidelman,1
Marv Newland,1
Lou Adler,1
Steve Binder,1
Daryl Duke,1
Meir Zarchi,1
Jeff Zimbalist,1
Michael Zimbalist,1
Charlotte Zwerin,1
Michael Lindsay-Hogg,1
Sergey Bondarchuk,1
George Stevens,1
Daniel Haller,1
Joshua Logan,1
Gene Kelly,1
"Jim O""Connolly",1
Robin Hardy,1
Paul Morrissey,1
Douglas Hickox,1
Kinji Fukasaku,1
Toshio Masuda,1
Morton Lewis,1
George Seaton,1
JesÃºs Franco,1
Iwao Takamoto,1
Phil Karlson,1
James William Guercio,1
Alan Gibson,1
Bernard L. Kowalski,1
Gloria Katz,1
John Newland,1
"Philip D""Antoni",1
