Job Title,Company,Location
,,
,,
,,
,,
,,
,,
,,
,,
,,
,,
,,
,,
,,
,,
,,
,,
,,
,,
,,
,,
,,
,,
,,
,,
,,
,,
,,
,,
,,
,,
,,
,,
,,
,,
,,
,,
,,
,,
,,
,,
,,
,,
,,
,,
,,
,,
,,
,,
,,
,,
,,
,,
,,
,,
,,
,,
,,
,,
,,
,,
,,
,,
,,
,,
,,
,,
,,
,,
,,
,,
,,
,,
,,
,,
,,
,,
,,
,,
,,
,,
,,
,,
,,
,,
,,
,,
,,
,,
,,
,,
,,
,,
,,
,,
,,
,,
,,
,,
,,
,,
,,
,,
,,
,,
,,
,,
,,
,,
,,
,,
,,
,,
,,
,,
,,
,,
,,"Ho Chi Minh City, Ho Chi Minh City, Vietnam"
Big Data Operations Engineer,Trucker Path,Vietnam
Software QA Engineer (Manual Testing),CoverGo | Insurtech,"Ho Chi Minh City, Ho Chi Minh City, Vietnam"
Generative AI Engineer,INNOMIZE,"Ho Chi Minh City, Ho Chi Minh City, Vietnam"
